Source,Target,Type,Id
Reder,2007-1,Directed,1
mrbrown,2007-1,Directed,2
KarineC,2007-1,Directed,3
alikxx,2007-1,Directed,4
germaine,2007-1,Directed,5
jasechen,2007-1,Directed,6
cpshyu,2007-1,Directed,7
caspar,2007-1,Directed,8
hypnotist,2007-1,Directed,9
jas9,2007-1,Directed,10
jchristabelle,2007-1,Directed,11
voxeros,2007-1,Directed,12
evenrain,2007-1,Directed,13
moriyama,2007-1,Directed,14
vannasu,2007-1,Directed,15
Girasol,2007-1,Directed,16
IamDemiurge,2007-1,Directed,17
Ken,2007-1,Directed,18
hai_ren,2007-1,Directed,19
Kirin_Lin,2007-1,Directed,20
thecarol,2007-1,Directed,21
kenworker,2007-1,Directed,22
goya,2007-1,Directed,23
bias,2007-1,Directed,24
sophiepa,2007-1,Directed,25
kylechen,2007-1,Directed,26
chumsdock,2007-1,Directed,27
bobchao,2007-1,Directed,28
freepilos,2007-1,Directed,29
brownylin,2007-1,Directed,30
mave99a,2007-1,Directed,31
alicekey,2007-1,Directed,32
yoshigi,2007-1,Directed,33
smileursula,2007-1,Directed,34
aoi,2007-1,Directed,35
blueJay,2007-1,Directed,36
judysmile,2007-1,Directed,37
otherside,2007-1,Directed,38
doobop,2007-1,Directed,39
hsnuhow,2007-1,Directed,40
indigo351,2007-1,Directed,41
looklikeshit,2007-1,Directed,42
Wraecca,2007-1,Directed,43
ivani,2007-1,Directed,44
tzangms,2007-1,Directed,45
zheng,2007-1,Directed,46
LilyChen,2007-1,Directed,47
zu,2007-1,Directed,48
taweili,2007-1,Directed,49
pipperl,2007-1,Directed,50
Portnoy,2007-1,Directed,51
soarer,2007-1,Directed,52
Jerry_Cheng,2007-1,Directed,53
tacchang,2007-1,Directed,54
eastecho,2007-1,Directed,55
fangho22,2007-1,Directed,56
far,2007-1,Directed,57
okoel,2007-1,Directed,58
calvincchan,2007-1,Directed,59
kovis,2007-1,Directed,60
connieko,2007-1,Directed,61
Neil_Lin,2007-1,Directed,62
Agnes,2007-1,Directed,63
Brecht,2007-1,Directed,64
ibenjamin,2007-1,Directed,65
forcode,2007-1,Directed,66
He,2007-1,Directed,67
KenWong_,2007-1,Directed,68
MoPaCHIN,2007-1,Directed,69
keso,2007-1,Directed,70
xgjames,2007-1,Directed,71
mimiqiao,2007-1,Directed,72
mathena,2007-1,Directed,73
quasimo,2007-1,Directed,74
wujia,2007-1,Directed,75
nings,2007-1,Directed,76
godkind,2007-1,Directed,77
cindycorner,2007-1,Directed,78
thesylvia,2007-2,Directed,79
ffxk,2007-2,Directed,80
cornguo,2007-2,Directed,81
huijung,2007-2,Directed,82
raininglight,2007-2,Directed,83
rejon,2007-2,Directed,84
chouti,2007-2,Directed,85
leolee,2007-2,Directed,86
horse,2007-2,Directed,87
wuyuntao,2007-2,Directed,88
Burning,2007-2,Directed,89
carver,2007-2,Directed,90
Yee,2007-2,Directed,91
keepwalking,2007-2,Directed,92
lichzy,2007-2,Directed,93
nAODI,2007-2,Directed,94
herock,2007-2,Directed,95
kunshou,2007-2,Directed,96
damogu,2007-2,Directed,97
hidecloud,2007-2,Directed,98
calon,2007-2,Directed,99
ocde,2007-2,Directed,100
rojoro,2007-2,Directed,101
lixing,2007-2,Directed,102
viviforever,2007-2,Directed,103
pianoer,2007-2,Directed,104
passingsights,2007-2,Directed,105
WuCheryl,2007-2,Directed,106
pinocchio,2007-2,Directed,107
Aether,2007-2,Directed,108
kaola,2007-2,Directed,109
laolu,2007-2,Directed,110
kenmeow,2007-2,Directed,111
elielin,2007-2,Directed,112
glif,2007-2,Directed,113
chrisflicker,2007-2,Directed,114
dsm26,2007-2,Directed,115
Seeing2sea,2007-2,Directed,116
stephenlee,2007-2,Directed,117
wulala,2007-2,Directed,118
Randylien,2007-2,Directed,119
foxmachia,2007-2,Directed,120
fab34,2007-2,Directed,121
myread02,2007-2,Directed,122
sunhui,2007-2,Directed,123
seayat,2007-2,Directed,124
zspencer,2007-2,Directed,125
asiapan,2007-2,Directed,126
hama,2007-2,Directed,127
zhaozhan,2007-2,Directed,128
wolfgangyu,2007-2,Directed,129
young,2007-2,Directed,130
cowcfj,2007-2,Directed,131
webleon,2007-2,Directed,132
momoko,2007-2,Directed,133
imclock,2007-2,Directed,134
ryokoni,2007-2,Directed,135
kc555,2007-2,Directed,136
tsalon,2007-2,Directed,137
sunlei,2007-2,Directed,138
PSFK,2007-2,Directed,139
duetg,2007-2,Directed,140
Kendre,2007-2,Directed,141
annpo,2007-2,Directed,142
lokmant,2007-2,Directed,143
cbi059,2007-2,Directed,144
rainknife,2007-2,Directed,145
lishuhang,2007-2,Directed,146
starwilly,2007-2,Directed,147
lik123,2007-2,Directed,148
chenta,2007-2,Directed,149
robbin,2007-2,Directed,150
zonble,2007-2,Directed,151
jiajia,2007-2,Directed,152
lcordelia,2007-2,Directed,153
muki,2007-2,Directed,154
samuel0626,2007-2,Directed,155
junbun,2007-2,Directed,156
c9s,2007-2,Directed,157
4rks,2007-2,Directed,158
herballemon,2007-2,Directed,159
waphle,2007-2,Directed,160
tomtung,2007-2,Directed,161
sidekickick,2007-2,Directed,162
pigazine,2007-2,Directed,163
blueskuei,2007-2,Directed,164
walterlam,2007-2,Directed,165
SunnyPie,2007-2,Directed,166
hansthefox,2007-2,Directed,167
bbcchinese,2007-2,Directed,168
Arasmus,2007-2,Directed,169
jkgtw,2007-2,Directed,170
felix_wong,2007-2,Directed,171
yesonline,2007-2,Directed,172
richy,2007-2,Directed,173
tyrus03,2007-2,Directed,174
seenxu,2007-2,Directed,175
winson,2007-2,Directed,176
riku,2007-2,Directed,177
gbraad,2007-2,Directed,178
dingyong,2007-2,Directed,179
jackysee,2007-2,Directed,180
likane,2007-2,Directed,181
telefan,2007-2,Directed,182
coolmenu,2007-2,Directed,183
sunnycmf,2007-2,Directed,184
QienKuen,2007-2,Directed,185
scavin,2007-2,Directed,186
wangyooo,2007-2,Directed,187
POPOEVER,2007-2,Directed,188
lucifr,2007-2,Directed,189
okevin,2007-2,Directed,190
shaoguang,2007-2,Directed,191
etalkr,2007-3,Directed,192
swittlovebliss,2007-3,Directed,193
d6g,2007-3,Directed,194
neozhang,2007-3,Directed,195
maoxian,2007-3,Directed,196
aceo,2007-3,Directed,197
nickcheng,2007-3,Directed,198
maso,2007-3,Directed,199
danjx,2007-3,Directed,200
freefcw,2007-3,Directed,201
geneboy,2007-3,Directed,202
carrielis,2007-3,Directed,203
landay,2007-3,Directed,204
Jaredogg,2007-3,Directed,205
mcliu,2007-3,Directed,206
redkei,2007-3,Directed,207
thecat,2007-3,Directed,208
coolkid,2007-3,Directed,209
kaichun,2007-3,Directed,210
Caiwangqin,2007-3,Directed,211
tado,2007-3,Directed,212
janetyc,2007-3,Directed,213
Too,2007-3,Directed,214
rmack,2007-3,Directed,215
bokane,2007-3,Directed,216
yuli,2007-3,Directed,217
xzheng,2007-3,Directed,218
charlietuna,2007-3,Directed,219
Haofei,2007-3,Directed,220
teddychu,2007-3,Directed,221
Wen,2007-3,Directed,222
brandony,2007-3,Directed,223
petercpg,2007-3,Directed,224
afei_taipei,2007-3,Directed,225
elenart,2007-3,Directed,226
babyfat,2007-3,Directed,227
inforabbi,2007-3,Directed,228
cschang,2007-3,Directed,229
Igotit,2007-3,Directed,230
iThink,2007-3,Directed,231
ralph,2007-3,Directed,232
fordchao,2007-3,Directed,233
hawktang,2007-3,Directed,234
bybye,2007-3,Directed,235
keven,2007-3,Directed,236
livid,2007-3,Directed,237
alanho,2007-3,Directed,238
Jimina_Sabadu,2007-3,Directed,239
petit,2007-3,Directed,240
jinweijie,2007-3,Directed,241
HAMAI,2007-3,Directed,242
neso,2007-3,Directed,243
zonovo,2007-3,Directed,244
whiteg,2007-3,Directed,245
msittig,2007-3,Directed,246
fabiolee,2007-3,Directed,247
dupola,2007-3,Directed,248
biantaishabi,2007-3,Directed,249
qichangxing,2007-3,Directed,250
tinyau,2007-3,Directed,251
alexmajy,2007-3,Directed,252
chouj,2007-3,Directed,253
danwashburn,2007-3,Directed,254
dreamwords,2007-3,Directed,255
nowazhu,2007-3,Directed,256
robinlu,2007-3,Directed,257
jansen,2007-3,Directed,258
ka11ey,2007-3,Directed,259
DashHuang,2007-3,Directed,260
ffuqiangg,2007-3,Directed,261
zeal,2007-3,Directed,262
yinwm,2007-3,Directed,263
zhangli,2007-3,Directed,264
kings,2007-3,Directed,265
littleoslo,2007-3,Directed,266
westbank,2007-3,Directed,267
moming25,2007-3,Directed,268
imsteen,2007-3,Directed,269
doubleaf,2007-3,Directed,270
terababy,2007-3,Directed,271
ShiTiven,2007-3,Directed,272
PorkFat,2007-3,Directed,273
dimlau,2007-3,Directed,274
kenlee,2007-3,Directed,275
erning,2007-3,Directed,276
wangyuantao,2007-3,Directed,277
Barking,2007-3,Directed,278
billytsang,2007-3,Directed,279
livecn,2007-3,Directed,280
jintan,2007-3,Directed,281
teacher,2007-3,Directed,282
8,2007-3,Directed,283
Whyya,2007-3,Directed,284
phgod,2007-3,Directed,285
xyb,2007-3,Directed,286
QQ,2007-3,Directed,287
long,2007-3,Directed,288
perry,2007-3,Directed,289
Quiz,2007-3,Directed,290
dancemoon,2007-3,Directed,291
czhou,2007-3,Directed,292
seoul0730,2007-3,Directed,293
Buou,2007-3,Directed,294
ksky,2007-3,Directed,295
gofeeling,2007-3,Directed,296
chpapa,2007-3,Directed,297
amom,2007-3,Directed,298
kevinkoo,2007-3,Directed,299
oscarcck,2007-3,Directed,300
ivane,2007-3,Directed,301
NathanWong,2007-3,Directed,302
Leomgz,2007-3,Directed,303
tomz,2007-3,Directed,304
hr6r,2007-3,Directed,305
tianyi,2007-3,Directed,306
old9,2007-3,Directed,307
i978,2007-3,Directed,308
gugod,2007-3,Directed,309
zkyo,2007-3,Directed,310
beijing,2007-3,Directed,311
qingxin,2007-3,Directed,312
Bonede,2007-3,Directed,313
flypig,2007-3,Directed,314
bluekevin,2007-3,Directed,315
Fenng,2007-3,Directed,316
inertia,2007-3,Directed,317
ppyang,2007-3,Directed,318
kaiwen,2007-3,Directed,319
leekie,2007-3,Directed,320
leira,2007-3,Directed,321
mymike,2007-3,Directed,322
jicun,2007-3,Directed,323
javaer,2007-3,Directed,324
ye_dj,2007-3,Directed,325
choowie,2007-3,Directed,326
ruanyf,2007-3,Directed,327
lina,2007-3,Directed,328
seraphees,2007-3,Directed,329
godlaugh,2007-3,Directed,330
stingzou,2007-3,Directed,331
90202,2007-3,Directed,332
lemonkiller,2007-3,Directed,333
joycapri,2007-3,Directed,334
jaxx,2007-3,Directed,335
atosdps,2007-3,Directed,336
OiCkilL,2007-3,Directed,337
pto2k,2007-3,Directed,338
jishui,2007-3,Directed,339
daxa,2007-3,Directed,340
SkyLanD,2007-3,Directed,341
chedong,2007-3,Directed,342
CatChen,2007-3,Directed,343
mmyjona,2007-3,Directed,344
vincentyang,2007-3,Directed,345
mulberry,2007-3,Directed,346
gabyu,2007-3,Directed,347
elleryq,2007-3,Directed,348
zerone,2007-3,Directed,349
oltra,2007-3,Directed,350
puppyguy,2007-3,Directed,351
stevenyu,2007-3,Directed,352
triciawang,2007-3,Directed,353
derekyang,2007-3,Directed,354
xy,2007-3,Directed,355
sofeng,2007-3,Directed,356
IwfWcf,2007-3,Directed,357
someok,2007-3,Directed,358
totodo,2007-3,Directed,359
foolbear,2007-3,Directed,360
evilape,2007-3,Directed,361
iworm,2007-3,Directed,362
matrix67,2007-3,Directed,363
shinecatcher,2007-3,Directed,364
hecaitou,2007-3,Directed,365
orbis,2007-3,Directed,366
fuhoren,2007-3,Directed,367
eflyingxp,2007-3,Directed,368
linxco,2007-3,Directed,369
chunzi,2007-3,Directed,370
idime,2007-3,Directed,371
duqq,2007-3,Directed,372
neocn,2007-3,Directed,373
Corsair,2007-3,Directed,374
dowei,2007-3,Directed,375
LiuYaping,2007-3,Directed,376
tsing,2007-3,Directed,377
qian,2007-3,Directed,378
AmberTaipei,2007-3,Directed,379
Lydia618,2007-3,Directed,380
Valentino,2007-3,Directed,381
jimmy_su,2007-3,Directed,382
since1984,2007-3,Directed,383
fishjar,2007-3,Directed,384
cooku,2007-3,Directed,385
siuying,2007-3,Directed,386
kctsang,2007-3,Directed,387
kursk,2007-3,Directed,388
kennythelord,2007-3,Directed,389
ellachou,2007-3,Directed,390
Cleanhead,2007-3,Directed,391
Knoise,2007-3,Directed,392
imvern,2007-3,Directed,393
ch0n,2007-3,Directed,394
brucelau,2007-3,Directed,395
ppip,2007-3,Directed,396
batfree,2007-3,Directed,397
naptune,2007-3,Directed,398
sunson,2007-3,Directed,399
haibin,2007-3,Directed,400
GuKe,2007-3,Directed,401
people,2007-3,Directed,402
catheringli,2007-3,Directed,403
sopp,2007-3,Directed,404
myang,2007-3,Directed,405
backspacer,2007-3,Directed,406
piece,2007-3,Directed,407
oops,2007-3,Directed,408
jiang,2007-3,Directed,409
seansong,2007-3,Directed,410
qiuping,2007-3,Directed,411
handleft,2007-3,Directed,412
xiao,2007-3,Directed,413
0065paula,2007-3,Directed,414
shawiz,2007-3,Directed,415
phelixlau,2007-3,Directed,416
cyishere,2007-3,Directed,417
peacedog,2007-3,Directed,418
jincute,2007-3,Directed,419
kyth,2007-3,Directed,420
junyu,2007-3,Directed,421
liutianyifly,2007-3,Directed,422
qo_op,2007-3,Directed,423
aoao,2007-3,Directed,424
alexdong,2007-3,Directed,425
chiao,2007-3,Directed,426
htmlor,2007-3,Directed,427
yeqiu,2007-3,Directed,428
cvbbbn,2007-3,Directed,429
jiangxiaoming,2007-3,Directed,430
vastgobi,2007-3,Directed,431
hairuo,2007-3,Directed,432
sun007002,2007-3,Directed,433
livevol,2007-3,Directed,434
graceleehy,2007-3,Directed,435
marchbox,2007-3,Directed,436
fool2nd,2007-3,Directed,437
kava,2007-3,Directed,438
lokwan,2007-3,Directed,439
xbin999,2007-3,Directed,440
elephi,2007-3,Directed,441
Panfan18,2007-3,Directed,442
dreamicandi,2007-3,Directed,443
ehaagwlke,2007-3,Directed,444
ShiningRay,2007-3,Directed,445
voidoo,2007-3,Directed,446
zmei,2007-3,Directed,447
chiehmin,2007-3,Directed,448
sagasw,2007-3,Directed,449
quanmengli,2007-3,Directed,450
idky,2007-3,Directed,451
AsceticMonk,2007-3,Directed,452
jonson_yu,2007-3,Directed,453
Aiki,2007-3,Directed,454
GeoWatsons,2007-3,Directed,455
likinbong,2007-3,Directed,456
ngszehin,2007-3,Directed,457
ArchBoss,2007-3,Directed,458
nofour,2007-3,Directed,459
warpaper,2007-3,Directed,460
fengting,2007-3,Directed,461
ZFreet,2007-3,Directed,462
handaoliang,2007-3,Directed,463
maorongqiu,2007-3,Directed,464
analogue40,2007-3,Directed,465
CDT,2007-3,Directed,466
fungkakeung,2007-3,Directed,467
liubin,2007-3,Directed,468
MLChen,2007-3,Directed,469
hongxiaowan,2007-3,Directed,470
gslin,2007-3,Directed,471
cjin,2007-3,Directed,472
globalvoiceszh,2007-3,Directed,473
tenz,2007-3,Directed,474
linglingfa,2007-3,Directed,475
underone,2007-3,Directed,476
yezhu,2007-3,Directed,477
laoxiong,2007-3,Directed,478
fishlife,2007-3,Directed,479
icebenny,2007-3,Directed,480
wongchiyuen,2007-3,Directed,481
Foxkid,2007-3,Directed,482
kyhpudding,2007-3,Directed,483
Jemini,2007-3,Directed,484
Yule,2007-3,Directed,485
anyone,2007-3,Directed,486
mal,2007-3,Directed,487
LiveLeon,2007-3,Directed,488
blazingcd,2007-3,Directed,489
yangbao111,2007-3,Directed,490
Meng,2007-3,Directed,491
wjew,2007-3,Directed,492
aderW,2007-3,Directed,493
taoge,2007-3,Directed,494
yining,2007-3,Directed,495
williamlong,2007-3,Directed,496
xushiwei,2007-3,Directed,497
hexybaby,2007-3,Directed,498
ijliao,2007-3,Directed,499
Hengzer,2007-3,Directed,500
faydao,2007-3,Directed,501
rainman82,2007-3,Directed,502
dfazen,2007-3,Directed,503
windrose,2007-3,Directed,504
sanqia,2007-3,Directed,505
mekiaries,2007-3,Directed,506
asca,2007-3,Directed,507
supermary,2007-3,Directed,508
gtax,2007-3,Directed,509
atticus,2007-3,Directed,510
eddyxu,2007-3,Directed,511
hutuworm,2007-3,Directed,512
jint,2007-3,Directed,513
hyson,2007-3,Directed,514
keenkang,2007-3,Directed,515
slaxh,2007-3,Directed,516
gucs,2007-3,Directed,517
pyromania,2007-3,Directed,518
leeron,2007-3,Directed,519
hgye,2007-3,Directed,520
lanpi,2007-3,Directed,521
leftface,2007-3,Directed,522
turingbook,2007-3,Directed,523
xiaoao,2007-3,Directed,524
googol4u,2007-3,Directed,525
etan,2007-3,Directed,526
lo2king,2007-3,Directed,527
fisker,2007-3,Directed,528
Mosesofmason,2007-3,Directed,529
Hivan,2007-3,Directed,530
windix,2007-3,Directed,531
albert_zhang,2007-3,Directed,532
ericzzhe,2007-3,Directed,533
chungting,2007-3,Directed,534
jaleung,2007-3,Directed,535
eastonline,2007-3,Directed,536
mountain,2007-3,Directed,537
vrdream,2007-3,Directed,538
acchuang,2007-3,Directed,539
tianhou,2007-3,Directed,540
easthero,2007-3,Directed,541
lushnis,2007-3,Directed,542
peteryeqing,2007-3,Directed,543
lixiaopen,2007-3,Directed,544
xpbb,2007-3,Directed,545
jimmylee,2007-3,Directed,546
zhu,2007-3,Directed,547
izlmichael,2007-3,Directed,548
cloudwater,2007-3,Directed,549
itaboo,2007-3,Directed,550
starsoi,2007-3,Directed,551
unique,2007-3,Directed,552
romoo,2007-3,Directed,553
Snmyj,2007-3,Directed,554
caozenghui,2007-4,Directed,555
QiangLee,2007-4,Directed,556
xx,2007-4,Directed,557
bbs,2007-4,Directed,558
guitarpoet,2007-4,Directed,559
StXh,2007-4,Directed,560
DreamCatcher,2007-4,Directed,561
imleon,2007-4,Directed,562
Ryo0o_C,2007-4,Directed,563
triger,2007-4,Directed,564
LiJie,2007-4,Directed,565
Yuancheng,2007-4,Directed,566
ljxue,2007-4,Directed,567
XingSomething,2007-4,Directed,568
bennyxj,2007-4,Directed,569
hobbeslee,2007-4,Directed,570
hpan,2007-4,Directed,571
ahbei,2007-4,Directed,572
hellokitchen,2007-4,Directed,573
SylvainKalache,2007-4,Directed,574
upshine,2007-4,Directed,575
pilipala,2007-4,Directed,576
SOrange,2007-4,Directed,577
bobosh,2007-4,Directed,578
yongxinge,2007-4,Directed,579
breathfreely,2007-4,Directed,580
dotey,2007-4,Directed,581
copyliu,2007-4,Directed,582
Lexandria,2007-4,Directed,583
imxiaohan,2007-4,Directed,584
dundavid,2007-4,Directed,585
EngadgetChinese,2007-4,Directed,586
bonizai,2007-4,Directed,587
fisherman,2007-4,Directed,588
micklest,2007-4,Directed,589
wu9506,2007-4,Directed,590
gonbo,2007-4,Directed,591
shanghaiist,2007-4,Directed,592
mauricexu,2007-4,Directed,593
krislc,2007-4,Directed,594
shenyi,2007-4,Directed,595
easygoal,2007-4,Directed,596
kerim,2007-4,Directed,597
only4john,2007-4,Directed,598
graniphoc,2007-4,Directed,599
be4sunrise,2007-4,Directed,600
cloudsforest,2007-4,Directed,601
suavesu,2007-4,Directed,602
dragon4,2007-4,Directed,603
jiabinf,2007-4,Directed,604
waterside,2007-4,Directed,605
dxx,2007-4,Directed,606
EIX3,2007-4,Directed,607
Bill_JaJa,2007-4,Directed,608
melonking,2007-4,Directed,609
calmwool,2007-4,Directed,610
Faryne,2007-4,Directed,611
sinanews,2007-4,Directed,612
hugging,2007-4,Directed,613
rse43,2007-4,Directed,614
ch_linghu,2007-4,Directed,615
raptorz,2007-4,Directed,616
zicjin,2007-4,Directed,617
Kli,2007-4,Directed,618
ashchan,2007-4,Directed,619
saga,2007-4,Directed,620
xuanlingzi,2007-4,Directed,621
Hois,2007-4,Directed,622
seven11,2007-4,Directed,623
logloglog99,2007-4,Directed,624
zdslyr,2007-4,Directed,625
kenfan,2007-4,Directed,626
shileiofchina,2007-4,Directed,627
dexbol,2007-4,Directed,628
sunliang,2007-4,Directed,629
niubi,2007-4,Directed,630
liyin,2007-4,Directed,631
lhiver,2007-4,Directed,632
itluck,2007-4,Directed,633
hitooc,2007-4,Directed,634
eulb,2007-4,Directed,635
bolimask,2007-4,Directed,636
wheat,2007-4,Directed,637
ansontin,2007-4,Directed,638
trai25,2007-4,Directed,639
takesako,2007-4,Directed,640
koojiafeng,2007-4,Directed,641
twijean,2007-4,Directed,642
snowcastle,2007-4,Directed,643
Coze,2007-4,Directed,644
srust99,2007-4,Directed,645
bang590,2007-4,Directed,646
TengTeng,2007-4,Directed,647
zq1986,2007-4,Directed,648
sk0207,2007-4,Directed,649
estieste,2007-4,Directed,650
nlshare,2007-4,Directed,651
CIRER,2007-4,Directed,652
lavieocean,2007-4,Directed,653
xin,2007-4,Directed,654
liangbw,2007-4,Directed,655
fallangel106,2007-4,Directed,656
seaful,2007-4,Directed,657
foxbok,2007-4,Directed,658
taizona,2007-4,Directed,659
cesare,2007-4,Directed,660
gardenQ,2007-4,Directed,661
HsinYi,2007-4,Directed,662
nffish,2007-4,Directed,663
heiyo,2007-4,Directed,664
xzzxyd,2007-4,Directed,665
crazyzac,2007-4,Directed,666
silex,2007-4,Directed,667
wmh123456789,2007-4,Directed,668
felixker,2007-4,Directed,669
polpol,2007-4,Directed,670
ZxMYS,2007-4,Directed,671
dongshuai,2007-4,Directed,672
n0th1n,2007-4,Directed,673
shydow,2007-4,Directed,674
rora,2007-4,Directed,675
neothilic,2007-4,Directed,676
admun,2007-4,Directed,677
naonaoyh,2007-4,Directed,678
wanszezit,2007-4,Directed,679
wonsore,2007-4,Directed,680
dabo,2007-4,Directed,681
cindywxd,2007-4,Directed,682
Taiwanese,2007-4,Directed,683
yyhuang,2007-4,Directed,684
yqz,2007-4,Directed,685
BigheadX,2007-4,Directed,686
whtwhtwiny,2007-4,Directed,687
iamfifi,2007-4,Directed,688
frankyu,2007-4,Directed,689
honkin,2007-4,Directed,690
airtoy,2007-4,Directed,691
flyb,2007-4,Directed,692
fireyy,2007-4,Directed,693
tiffany1985,2007-4,Directed,694
holin,2007-4,Directed,695
chaifeng,2007-4,Directed,696
kimseong,2007-4,Directed,697
willsonchan,2007-4,Directed,698
GFW,2007-4,Directed,699
b0rder,2007-4,Directed,700
cenviity,2007-4,Directed,701
bearboss,2007-4,Directed,702
irenec,2007-4,Directed,703
OOBE,2007-4,Directed,704
mananchong,2007-4,Directed,705
xzh,2007-4,Directed,706
zikay,2007-4,Directed,707
alayao,2007-4,Directed,708
brunsky,2007-4,Directed,709
chengyinliu,2007-4,Directed,710
rock_feng,2007-4,Directed,711
dancemaple,2007-4,Directed,712
ipessimist,2007-4,Directed,713
darkmoming,2007-4,Directed,714
alljerry04,2007-4,Directed,715
xiaojia,2007-4,Directed,716
Cani,2007-4,Directed,717
infilmity,2007-4,Directed,718
kimoyo_com,2007-4,Directed,719
Shumc,2007-4,Directed,720
wingyannn,2007-4,Directed,721
minyeats,2007-4,Directed,722
eddie31,2007-4,Directed,723
icecloud,2007-4,Directed,724
helloyj,2007-4,Directed,725
ericsk,2007-4,Directed,726
istone,2007-4,Directed,727
mazhen,2007-4,Directed,728
kernel1983,2007-4,Directed,729
keithzc,2007-4,Directed,730
alexyan,2007-4,Directed,731
padever,2007-4,Directed,732
chrisun,2007-4,Directed,733
kenken,2007-4,Directed,734
cpyang,2007-4,Directed,735
Yiting,2007-4,Directed,736
alone,2007-4,Directed,737
skynee,2007-4,Directed,738
chillouttree,2007-4,Directed,739
bensil,2007-4,Directed,740
torreszhu,2007-4,Directed,741
Robinwq,2007-4,Directed,742
boykane,2007-4,Directed,743
anbutu,2007-4,Directed,744
NPSO,2007-4,Directed,745
wangsong,2007-4,Directed,746
hufey,2007-4,Directed,747
WCM,2007-4,Directed,748
nana7,2007-4,Directed,749
Jing2,2007-4,Directed,750
mrxx,2007-4,Directed,751
briansun,2007-4,Directed,752
focusoncdr,2007-4,Directed,753
opalhair,2007-4,Directed,754
jaux,2007-4,Directed,755
cliff1973,2007-4,Directed,756
imoioi,2007-4,Directed,757
ericheuk,2007-4,Directed,758
yichi,2007-4,Directed,759
Sheta,2007-4,Directed,760
QN,2007-4,Directed,761
evezcl,2007-4,Directed,762
walkie96,2007-4,Directed,763
infi,2007-4,Directed,764
jackhatedance,2007-4,Directed,765
leeking001,2007-4,Directed,766
witutu,2007-4,Directed,767
jemy,2007-4,Directed,768
hinz,2007-4,Directed,769
Saic,2007-4,Directed,770
Nantz,2007-4,Directed,771
hustwj,2007-4,Directed,772
mk_is_here,2007-4,Directed,773
yanghe,2007-4,Directed,774
meitsjustme,2007-4,Directed,775
yinhm,2007-4,Directed,776
linjunhalida,2007-4,Directed,777
banyue,2007-4,Directed,778
Nths,2007-4,Directed,779
mirrortong,2007-4,Directed,780
kingler,2007-4,Directed,781
larme,2007-4,Directed,782
murphytalk,2007-4,Directed,783
Antediluvian,2007-4,Directed,784
smallcoala,2007-4,Directed,785
Paveo,2007-4,Directed,786
dotcomdog,2007-4,Directed,787
freewizard,2007-4,Directed,788
Cheney,2007-4,Directed,789
sfufoet,2007-4,Directed,790
oasisfeng,2007-4,Directed,791
RichardBuangan,2007-4,Directed,792
finale,2007-4,Directed,793
vvrabbit,2007-4,Directed,794
renrufei,2007-4,Directed,795
icyleaf,2007-4,Directed,796
jenwyng,2007-4,Directed,797
flowernora,2007-4,Directed,798
bamerl,2007-4,Directed,799
vanvan,2007-4,Directed,800
tram10,2007-4,Directed,801
zuola,2007-4,Directed,802
om19,2007-4,Directed,803
deduce,2007-4,Directed,804
tristanfall,2007-4,Directed,805
JinshengRuan,2007-4,Directed,806
tomatouiui,2007-4,Directed,807
tmorisada,2007-4,Directed,808
smilingdolphin,2007-4,Directed,809
yukikei,2007-4,Directed,810
scarl,2007-4,Directed,811
eidin,2007-4,Directed,812
28,2007-4,Directed,813
awguo,2007-4,Directed,814
loihsin,2007-4,Directed,815
johnmiroki,2007-4,Directed,816
cyberwang,2007-4,Directed,817
BrendaYu,2007-4,Directed,818
BruceGAO,2007-4,Directed,819
momowind,2007-4,Directed,820
cobainyeh,2007-4,Directed,821
ullrich,2007-4,Directed,822
itszero,2007-4,Directed,823
giant3000,2007-4,Directed,824
rance1230,2007-4,Directed,825
bigfat,2007-4,Directed,826
ifuckyou,2007-4,Directed,827
Flykye,2007-4,Directed,828
pomelo,2007-4,Directed,829
stewartcc,2007-4,Directed,830
xl224,2007-4,Directed,831
napoleonu,2007-4,Directed,832
wangpei,2007-4,Directed,833
niechen,2007-4,Directed,834
andylee,2007-4,Directed,835
iamfriday,2007-4,Directed,836
Wayne725,2007-4,Directed,837
xuan,2007-4,Directed,838
kejinxiang,2007-4,Directed,839
winglight,2007-4,Directed,840
reveil,2007-4,Directed,841
wyeh,2007-4,Directed,842
zhouhongwei,2007-4,Directed,843
macdog,2007-4,Directed,844
chewbaaca,2007-4,Directed,845
Chinglin_li,2007-4,Directed,846
funnymouth,2007-4,Directed,847
rocxet,2007-4,Directed,848
skvader,2007-4,Directed,849
arguskao,2007-4,Directed,850
catgrepL,2007-4,Directed,851
jakelauck,2007-4,Directed,852
jackyan,2007-4,Directed,853
wizarkid,2007-4,Directed,854
yupengming,2007-4,Directed,855
rossikwan,2007-4,Directed,856
weishun,2007-4,Directed,857
znbang,2007-4,Directed,858
huaxlee,2007-4,Directed,859
ShuYaMM,2007-4,Directed,860
bingnan,2007-4,Directed,861
iPoisson,2007-4,Directed,862
cehraidc,2007-4,Directed,863
paulagent,2007-4,Directed,864
yrchen,2007-4,Directed,865
flsnow,2007-4,Directed,866
eazie,2007-4,Directed,867
itsnotvalid,2007-4,Directed,868
vgod,2007-4,Directed,869
katyyy,2007-4,Directed,870
hanson2010,2007-4,Directed,871
liuxuwen,2007-4,Directed,872
vvens,2007-4,Directed,873
xia,2007-4,Directed,874
summic,2007-4,Directed,875
TaopaiC,2007-4,Directed,876
kaxing,2007-4,Directed,877
iamshans,2007-4,Directed,878
lzyy,2007-4,Directed,879
chentao1006,2007-4,Directed,880
chinecc,2007-4,Directed,881
jzk,2007-4,Directed,882
ljbljb007,2007-4,Directed,883
y_y,2007-4,Directed,884
haliyar,2007-4,Directed,885
selfmagic,2007-4,Directed,886
jadelaiys,2007-4,Directed,887
dengpeng,2007-4,Directed,888
dailu,2007-4,Directed,889
yuanyuan,2007-5,Directed,890
pbear6150,2007-5,Directed,891
bluergrid,2007-5,Directed,892
tzigane,2007-5,Directed,893
wilsonchen1,2007-5,Directed,894
sausauc,2007-5,Directed,895
canopy,2007-5,Directed,896
three_water,2007-5,Directed,897
ashburn,2007-5,Directed,898
lijianghua,2007-5,Directed,899
dhchen,2007-5,Directed,900
feynixs,2007-5,Directed,901
mranti,2007-5,Directed,902
kawauso,2007-5,Directed,903
tim_si,2007-5,Directed,904
kyonseijin,2007-5,Directed,905
NOBU1024,2007-5,Directed,906
Bigteeth,2007-5,Directed,907
bestrurumi,2007-5,Directed,908
krenentertainer,2007-5,Directed,909
gaya,2007-5,Directed,910
pcmarket,2007-5,Directed,911
liyongfeng,2007-5,Directed,912
crabol,2007-5,Directed,913
AdiosF6F,2007-5,Directed,914
VivXXXX,2007-5,Directed,915
nicho,2007-5,Directed,916
miniroom549,2007-5,Directed,917
rocavence,2007-5,Directed,918
_williamli,2007-5,Directed,919
tony71311,2007-5,Directed,920
yungyuc,2007-5,Directed,921
xanade,2007-5,Directed,922
tristanchang,2007-5,Directed,923
kenlin306,2007-5,Directed,924
haocheng,2007-5,Directed,925
sogook,2007-5,Directed,926
Dchan,2007-5,Directed,927
iyexh,2007-5,Directed,928
marcwan,2007-5,Directed,929
zgjie,2007-5,Directed,930
amoiist,2007-5,Directed,931
Roboter,2007-5,Directed,932
jimmyzy,2007-5,Directed,933
emisjerry,2007-5,Directed,934
Karla,2007-5,Directed,935
iiwhisper,2007-5,Directed,936
iiwsp,2007-5,Directed,937
KarlMarx,2007-5,Directed,938
dicksondee,2007-5,Directed,939
araiyui,2007-5,Directed,940
buchimifan,2007-5,Directed,941
yinlei,2007-5,Directed,942
sissi,2007-5,Directed,943
tortinita,2007-5,Directed,944
Darkmanhk,2007-5,Directed,945
superexcuser,2007-5,Directed,946
Finikz,2007-5,Directed,947
DrakeGuan,2007-5,Directed,948
flyshow,2007-5,Directed,949
leona0909,2007-5,Directed,950
kenex,2007-5,Directed,951
camel65,2007-5,Directed,952
ItTalks,2007-5,Directed,953
maisonchen,2007-5,Directed,954
metalBreeze,2007-5,Directed,955
fryan,2007-5,Directed,956
diny,2007-5,Directed,957
bbbmess,2007-5,Directed,958
zibin,2007-5,Directed,959
enkysteady,2007-5,Directed,960
dinozilla,2007-5,Directed,961
cedrick,2007-5,Directed,962
dexteryy,2007-5,Directed,963
Jiabin,2007-5,Directed,964
limodou,2007-5,Directed,965
miniblog,2007-5,Directed,966
iamsure,2007-5,Directed,967
study5,2007-5,Directed,968
emlary,2007-5,Directed,969
silenttree,2007-5,Directed,970
flyinweb,2007-5,Directed,971
Kymair,2007-5,Directed,972
zi,2007-5,Directed,973
junyongz,2007-5,Directed,974
nwind,2007-5,Directed,975
janhxie,2007-5,Directed,976
SoftBunny,2007-5,Directed,977
DAMNLY,2007-5,Directed,978
catplus,2007-5,Directed,979
esrijzhang,2007-5,Directed,980
nickfan,2007-5,Directed,981
karsoon,2007-5,Directed,982
scandogs,2007-5,Directed,983
686quoting,2007-5,Directed,984
jayzhou,2007-5,Directed,985
personlin,2007-5,Directed,986
billniu,2007-5,Directed,987
riazz,2007-5,Directed,988
zedgao,2007-5,Directed,989
mcgeek11204,2007-5,Directed,990
jomiyatan992,2007-5,Directed,991
chlang,2007-5,Directed,992
susozhang,2007-5,Directed,993
cancelpc,2007-5,Directed,994
andytn,2007-5,Directed,995
eddiewuym,2007-5,Directed,996
briian,2007-5,Directed,997
dopegrey,2007-5,Directed,998
tinyfool,2007-5,Directed,999
kyoji2,2007-5,Directed,1000
timdream,2007-5,Directed,1001
xdite,2007-5,Directed,1002
wangtian,2007-5,Directed,1003
gniqu,2007-5,Directed,1004
justin_rao,2007-5,Directed,1005
risumfiriri,2007-5,Directed,1006
jiang315,2007-5,Directed,1007
ingramchen,2007-5,Directed,1008
ancorena,2007-5,Directed,1009
fishtank,2007-5,Directed,1010
Leechael,2007-5,Directed,1011
michaelma,2007-5,Directed,1012
evitc,2007-5,Directed,1013
snowblink_c,2007-5,Directed,1014
danny_li,2007-5,Directed,1015
hc725,2007-5,Directed,1016
manabomb,2007-5,Directed,1017
imheali,2007-5,Directed,1018
Lilo,2007-5,Directed,1019
zhangyankun,2007-5,Directed,1020
vicchow,2007-5,Directed,1021
mikizmiki,2007-5,Directed,1022
oldCatElf,2007-5,Directed,1023
Vernon,2007-5,Directed,1024
xieqiang,2007-5,Directed,1025
cnyyk,2007-5,Directed,1026
adouzzy,2007-5,Directed,1027
wanaxe,2007-5,Directed,1028
pengjianping,2007-5,Directed,1029
ooodong,2007-5,Directed,1030
bonbonbon,2007-5,Directed,1031
shaninordic,2007-5,Directed,1032
turnturn,2007-5,Directed,1033
n6002,2007-5,Directed,1034
tsj,2007-5,Directed,1035
diablozzc,2007-5,Directed,1036
hongqn,2007-5,Directed,1037
lairsue,2007-5,Directed,1038
lefrisson,2007-5,Directed,1039
blogay,2007-5,Directed,1040
shawjh,2007-5,Directed,1041
dannykok,2007-5,Directed,1042
jay0917,2007-5,Directed,1043
fanfou,2007-5,Directed,1044
kaihsyn,2007-5,Directed,1045
kDolphin,2007-5,Directed,1046
georgechen,2007-5,Directed,1047
zhengle,2007-5,Directed,1048
demojiang,2007-5,Directed,1049
libings,2007-5,Directed,1050
qi,2007-5,Directed,1051
rushwizard,2007-5,Directed,1052
Darkhero,2007-5,Directed,1053
appleseedTW,2007-5,Directed,1054
yonan,2007-5,Directed,1055
yang_pei,2007-5,Directed,1056
yokle,2007-5,Directed,1057
hdcola,2007-5,Directed,1058
hat_baby,2007-5,Directed,1059
iceskysl,2007-5,Directed,1060
al080,2007-5,Directed,1061
wanghq,2007-5,Directed,1062
khsing,2007-5,Directed,1063
gregorym,2007-5,Directed,1064
_iulius_,2007-5,Directed,1065
zhangchn,2007-5,Directed,1066
cbatutblog,2007-5,Directed,1067
liuzhoou,2007-5,Directed,1068
cathayan,2007-5,Directed,1069
delphij,2007-5,Directed,1070
Ludouke,2007-5,Directed,1071
nemoliu,2007-5,Directed,1072
superbil,2007-5,Directed,1073
dw_chinese,2007-5,Directed,1074
kofwang,2007-5,Directed,1075
icesnow,2007-5,Directed,1076
marsowhisper,2007-5,Directed,1077
quakelee,2007-5,Directed,1078
freeman_z,2007-5,Directed,1079
setugekkazh,2007-5,Directed,1080
ted_cn,2007-5,Directed,1081
saberma,2007-5,Directed,1082
cnbeta,2007-5,Directed,1083
wencan,2007-5,Directed,1084
remaerd,2007-5,Directed,1085
xuelanghu,2007-5,Directed,1086
mantianfeixue,2007-5,Directed,1087
xiangge,2007-5,Directed,1088
maizidaozidouzi,2007-5,Directed,1089
Murasaki_hoshi,2007-5,Directed,1090
maqingxi,2007-5,Directed,1091
4k1o,2007-5,Directed,1092
amizhang,2007-5,Directed,1093
LaJai,2007-5,Directed,1094
jaesor,2007-5,Directed,1095
interface,2007-5,Directed,1096
fishywang,2007-5,Directed,1097
gaojie,2007-5,Directed,1098
lukhnos,2007-5,Directed,1099
newaa,2007-5,Directed,1100
chouyu,2007-5,Directed,1101
davidlau,2007-5,Directed,1102
CasterKwok,2007-5,Directed,1103
Ergatea,2007-5,Directed,1104
lancelot23,2007-5,Directed,1105
Coconutsurfing,2007-5,Directed,1106
SnaiX,2007-5,Directed,1107
laic,2007-5,Directed,1108
eriliu,2007-5,Directed,1109
yunyun,2007-5,Directed,1110
danoyang,2007-5,Directed,1111
midi,2007-5,Directed,1112
linjunpop,2007-5,Directed,1113
jameschou,2007-5,Directed,1114
opheliahan,2007-5,Directed,1115
fatem1986,2007-5,Directed,1116
high_iris,2007-5,Directed,1117
asics,2007-5,Directed,1118
sxzz,2007-5,Directed,1119
rainux,2007-5,Directed,1120
MinglunHsieh,2007-5,Directed,1121
confire,2007-5,Directed,1122
Cayman,2007-5,Directed,1123
jasonchien,2007-5,Directed,1124
ilooch,2007-5,Directed,1125
datous,2007-5,Directed,1126
kidd0601,2007-5,Directed,1127
JTCHEN,2007-5,Directed,1128
thefang,2007-5,Directed,1129
pentwo,2007-5,Directed,1130
denniswan,2007-5,Directed,1131
Mier,2007-5,Directed,1132
zfben,2007-5,Directed,1133
caterpillar,2007-5,Directed,1134
Shadie,2007-5,Directed,1135
netrider11,2007-5,Directed,1136
shirleyhsu,2007-5,Directed,1137
morgancheng,2007-5,Directed,1138
hiraicn,2007-5,Directed,1139
shermanlee,2007-5,Directed,1140
on_kiu,2007-5,Directed,1141
xyza,2007-5,Directed,1142
DrZuco,2007-5,Directed,1143
moming2k,2007-5,Directed,1144
juniormarco,2007-5,Directed,1145
azero,2007-5,Directed,1146
sunbeam,2007-5,Directed,1147
kikiyo,2007-5,Directed,1148
8miler,2007-5,Directed,1149
farmostwood,2007-5,Directed,1150
rossma_cn,2007-5,Directed,1151
Riichiie,2007-5,Directed,1152
imnewer,2007-5,Directed,1153
YINGUO,2007-5,Directed,1154
kenziii,2007-5,Directed,1155
hectorpal,2007-5,Directed,1156
moresure,2007-5,Directed,1157
kiethope,2007-5,Directed,1158
angel88,2007-5,Directed,1159
wkwx,2007-5,Directed,1160
rotoyang,2007-5,Directed,1161
euii,2007-5,Directed,1162
xlzhu,2007-5,Directed,1163
legend,2007-5,Directed,1164
baitei,2007-5,Directed,1165
tomvandeweghe,2007-5,Directed,1166
apollopy,2007-5,Directed,1167
majian,2007-5,Directed,1168
mybeky,2007-5,Directed,1169
roytam1,2007-5,Directed,1170
juppet,2007-5,Directed,1171
gaowhen,2007-5,Directed,1172
ykhuang,2007-5,Directed,1173
wfwt,2007-5,Directed,1174
kaweh,2007-5,Directed,1175
icyflash,2007-5,Directed,1176
RouChongZi,2007-5,Directed,1177
scchiang,2007-5,Directed,1178
ToGiGA,2007-5,Directed,1179
zarek1980,2007-5,Directed,1180
Being,2007-5,Directed,1181
digchinese,2007-5,Directed,1182
saharabear,2007-5,Directed,1183
bfwinxp,2007-6,Directed,1184
lymanrb,2007-6,Directed,1185
oldz,2007-6,Directed,1186
semonlee,2007-6,Directed,1187
wzy,2007-6,Directed,1188
wallwang,2007-6,Directed,1189
gunivs,2007-6,Directed,1190
btr,2007-6,Directed,1191
mrflowerpot,2007-6,Directed,1192
NathanZhong,2007-6,Directed,1193
dudu431,2007-6,Directed,1194
jiakon,2007-6,Directed,1195
aozaru,2007-6,Directed,1196
Phyniques,2007-6,Directed,1197
elizaj,2007-6,Directed,1198
JUYI87,2007-6,Directed,1199
medicalwei,2007-6,Directed,1200
iceray,2007-6,Directed,1201
silverquick,2007-6,Directed,1202
cykor,2007-6,Directed,1203
zhangxiaolu,2007-6,Directed,1204
panweizeng,2007-6,Directed,1205
techih,2007-6,Directed,1206
yida4ever,2007-6,Directed,1207
cielohuang,2007-6,Directed,1208
FreeLeaf,2007-6,Directed,1209
martinoei,2007-6,Directed,1210
kw17th,2007-6,Directed,1211
chocoboplus,2007-6,Directed,1212
Leeheng86,2007-6,Directed,1213
zhanbox,2007-6,Directed,1214
impianeta,2007-6,Directed,1215
MeMedia,2007-6,Directed,1216
tingo,2007-6,Directed,1217
tong,2007-6,Directed,1218
hcoo,2007-6,Directed,1219
buchong,2007-6,Directed,1220
ibuzzo,2007-6,Directed,1221
aureola360,2007-6,Directed,1222
fengyq,2007-6,Directed,1223
shao,2007-6,Directed,1224
geuro,2007-6,Directed,1225
liishygo,2007-6,Directed,1226
larryli,2007-6,Directed,1227
Sandow,2007-6,Directed,1228
zeali,2007-6,Directed,1229
Pangoo,2007-6,Directed,1230
ssaw52,2007-6,Directed,1231
zhuoqun,2007-6,Directed,1232
KinK,2007-6,Directed,1233
guanfengde,2007-6,Directed,1234
mijia,2007-6,Directed,1235
zipme,2007-6,Directed,1236
equivocality,2007-6,Directed,1237
digitalboy,2007-6,Directed,1238
NinGoo,2007-6,Directed,1239
cherntodd,2007-6,Directed,1240
EYkii,2007-6,Directed,1241
oppo,2007-6,Directed,1242
Irenelou,2007-6,Directed,1243
JacyL4,2007-6,Directed,1244
ChinaSeagull,2007-6,Directed,1245
dilly,2007-6,Directed,1246
suzghy,2007-6,Directed,1247
zy_ren,2007-6,Directed,1248
tolkin,2007-6,Directed,1249
punksa,2007-6,Directed,1250
windkoh,2007-6,Directed,1251
cardiac_hu,2007-6,Directed,1252
astrovv,2007-6,Directed,1253
Sayme,2007-6,Directed,1254
abingor,2007-6,Directed,1255
Cafer,2007-6,Directed,1256
chijs,2007-6,Directed,1257
wisicn,2007-6,Directed,1258
aifreedom,2007-6,Directed,1259
spehio,2007-6,Directed,1260
leonthelion,2007-6,Directed,1261
ChyiZ,2007-6,Directed,1262
yuxhuang,2007-6,Directed,1263
_drej,2007-6,Directed,1264
ifire,2007-6,Directed,1265
CelicaGTS,2007-6,Directed,1266
shellehs,2007-6,Directed,1267
fermi,2007-6,Directed,1268
wangzw,2007-6,Directed,1269
jayleecn,2007-6,Directed,1270
hydrowing,2007-6,Directed,1271
alomar2000,2007-6,Directed,1272
WalesWave,2007-6,Directed,1273
Luosky,2007-6,Directed,1274
dellspy,2007-6,Directed,1275
micktaiwan,2007-6,Directed,1276
hengcuo,2007-6,Directed,1277
Tortue,2007-6,Directed,1278
xmarden,2007-6,Directed,1279
vshchen,2007-6,Directed,1280
neofrontier,2007-6,Directed,1281
hyang23,2007-6,Directed,1282
liuxiaoyu,2007-6,Directed,1283
JackPark,2007-6,Directed,1284
r_willam,2007-6,Directed,1285
suifengdotme,2007-6,Directed,1286
Edifier,2007-6,Directed,1287
adri1,2007-6,Directed,1288
linhongjun,2007-6,Directed,1289
unogz,2007-6,Directed,1290
zhangchunlin,2007-6,Directed,1291
mistergk,2007-6,Directed,1292
bobgoh,2007-6,Directed,1293
xiaogang,2007-6,Directed,1294
seamount,2007-6,Directed,1295
WangHaoZhong,2007-6,Directed,1296
cpblawg,2007-6,Directed,1297
SoulMeetsForm,2007-6,Directed,1298
shepherdmirror,2007-6,Directed,1299
MyBigSPiDER,2007-6,Directed,1300
piaoyongjin,2007-6,Directed,1301
xmulibrary,2007-6,Directed,1302
geminiai,2007-6,Directed,1303
thedavy,2007-6,Directed,1304
stevewong,2007-6,Directed,1305
billypan,2007-6,Directed,1306
allenown,2007-6,Directed,1307
fivesheep,2007-6,Directed,1308
freizo,2007-6,Directed,1309
xfameng,2007-6,Directed,1310
laneclip,2007-6,Directed,1311
Esben,2007-6,Directed,1312
Cecarre,2007-6,Directed,1313
netsnail,2007-6,Directed,1314
bullee,2007-6,Directed,1315
sihao,2007-6,Directed,1316
long132,2007-6,Directed,1317
shinyzhu,2007-6,Directed,1318
oran_ge,2007-6,Directed,1319
hotsdk,2007-6,Directed,1320
chenillen,2007-6,Directed,1321
5key,2007-6,Directed,1322
masterwujiang,2007-6,Directed,1323
xlight,2007-6,Directed,1324
toozi,2007-6,Directed,1325
runwitme,2007-6,Directed,1326
obiwancn,2007-6,Directed,1327
gfrog,2007-6,Directed,1328
Hifai,2007-6,Directed,1329
jxu,2007-6,Directed,1330
looseboy,2007-6,Directed,1331
rastom,2007-6,Directed,1332
Hanliinter,2007-6,Directed,1333
Chappell,2007-6,Directed,1334
danzhu,2007-6,Directed,1335
sandorf,2007-6,Directed,1336
liuxinren,2007-6,Directed,1337
leonson,2007-6,Directed,1338
Yonny,2007-6,Directed,1339
Goatpp,2007-6,Directed,1340
lnsoso,2007-6,Directed,1341
gas1123,2007-6,Directed,1342
juliapschan,2007-6,Directed,1343
pkuno,2007-6,Directed,1344
aki31,2007-6,Directed,1345
hmsea,2007-6,Directed,1346
chonghai,2007-6,Directed,1347
loius,2007-6,Directed,1348
powerplane,2007-6,Directed,1349
waakee,2007-6,Directed,1350
tide999,2007-6,Directed,1351
nonozone,2007-6,Directed,1352
Thruth,2007-6,Directed,1353
fuhui,2007-6,Directed,1354
1tofree,2007-6,Directed,1355
inecho,2007-6,Directed,1356
bestguy,2007-6,Directed,1357
yuqi3,2007-6,Directed,1358
raymondchen625,2007-6,Directed,1359
ThumbsUpMan,2007-6,Directed,1360
gaoming,2007-6,Directed,1361
chaoticjoy,2007-6,Directed,1362
muuq,2007-6,Directed,1363
iSingle,2007-6,Directed,1364
azureo,2007-6,Directed,1365
llnull,2007-6,Directed,1366
seablue,2007-6,Directed,1367
robinyew,2007-6,Directed,1368
28481k,2007-6,Directed,1369
yurenju,2007-6,Directed,1370
maghcesar,2007-6,Directed,1371
singsit01,2007-6,Directed,1372
gLaDieZz,2007-6,Directed,1373
maikuuni,2007-6,Directed,1374
mvdfish,2007-6,Directed,1375
owenleelife,2007-6,Directed,1376
snowyowls,2007-6,Directed,1377
kayleighx,2007-6,Directed,1378
o_lll,2007-6,Directed,1379
firemeditation,2007-6,Directed,1380
tsaiid,2007-6,Directed,1381
ameliewu,2007-6,Directed,1382
momizi,2007-6,Directed,1383
luyuan,2007-6,Directed,1384
etetet91,2007-6,Directed,1385
drunkenboat,2007-6,Directed,1386
davekuo,2007-6,Directed,1387
wanghour,2007-6,Directed,1388
jonxberg,2007-6,Directed,1389
iichun,2007-6,Directed,1390
catherinejswu,2007-6,Directed,1391
m31527,2007-6,Directed,1392
iha,2007-6,Directed,1393
ggyy,2007-6,Directed,1394
jameslu2212,2007-6,Directed,1395
cherrie_luv,2007-6,Directed,1396
pestwave,2007-6,Directed,1397
Duhu,2007-6,Directed,1398
mhu,2007-6,Directed,1399
wawarita,2007-6,Directed,1400
yisu_02,2007-6,Directed,1401
skykono,2007-6,Directed,1402
feixiaomi,2007-6,Directed,1403
pluie,2007-6,Directed,1404
dlackty,2007-6,Directed,1405
rpsh,2007-6,Directed,1406
esorhjy,2007-6,Directed,1407
untaipei,2007-6,Directed,1408
jerrylee,2007-6,Directed,1409
applekido,2007-6,Directed,1410
isHomerSimpson,2007-6,Directed,1411
qing_wang,2007-6,Directed,1412
yugoliya,2007-6,Directed,1413
MathLife,2007-6,Directed,1414
andrewyu,2007-6,Directed,1415
fenbox,2007-6,Directed,1416
clsung,2007-6,Directed,1417
ctyeh,2007-6,Directed,1418
pirrer,2007-6,Directed,1419
lostsnow,2007-6,Directed,1420
dukeofa,2007-6,Directed,1421
aflash,2007-6,Directed,1422
muzju,2007-6,Directed,1423
samkang,2007-6,Directed,1424
anarch1001,2007-6,Directed,1425
najja,2007-6,Directed,1426
singzy,2007-6,Directed,1427
gupan85,2007-6,Directed,1428
GwendolEarn,2007-6,Directed,1429
jserv,2007-6,Directed,1430
xs,2007-6,Directed,1431
Jouleken,2007-6,Directed,1432
houyr,2007-6,Directed,1433
derekhsu,2007-6,Directed,1434
JasonPan,2007-6,Directed,1435
rangerqu,2007-6,Directed,1436
zhangz,2007-6,Directed,1437
csee,2007-6,Directed,1438
luosheng,2007-6,Directed,1439
jlake,2007-6,Directed,1440
kaojohnny,2007-6,Directed,1441
narakukira,2007-6,Directed,1442
alexwu56,2007-6,Directed,1443
fauzty,2007-6,Directed,1444
axnow,2007-6,Directed,1445
izero,2007-6,Directed,1446
gstar,2007-6,Directed,1447
westup,2007-6,Directed,1448
fyang1024,2007-6,Directed,1449
gojin,2007-6,Directed,1450
vichair,2007-6,Directed,1451
icathy,2007-6,Directed,1452
cz_tw,2007-6,Directed,1453
andoosea,2007-6,Directed,1454
fong9,2007-6,Directed,1455
dusha,2007-6,Directed,1456
mudone,2007-6,Directed,1457
claireytlin,2007-6,Directed,1458
nevercry,2007-6,Directed,1459
singjen,2007-6,Directed,1460
eleven15,2007-6,Directed,1461
pm5,2007-6,Directed,1462
667Mhz,2007-6,Directed,1463
amypony,2007-6,Directed,1464
jarod_liu,2007-6,Directed,1465
musiccow,2007-6,Directed,1466
monkeysun,2007-6,Directed,1467
phonygucci,2007-6,Directed,1468
LadykakaE,2007-6,Directed,1469
billlap,2007-6,Directed,1470
seanlee0112,2007-6,Directed,1471
billzhong,2007-6,Directed,1472
dunpanic,2007-6,Directed,1473
zgia,2007-6,Directed,1474
tunghua,2007-6,Directed,1475
longwosion,2007-6,Directed,1476
JJYing,2007-6,Directed,1477
edgarlin,2007-6,Directed,1478
bonnae,2007-6,Directed,1479
robbinfan,2007-6,Directed,1480
firedragoon,2007-6,Directed,1481
stillwyw,2007-6,Directed,1482
syhsu1230,2007-6,Directed,1483
monkeymago,2007-6,Directed,1484
stalinone,2007-6,Directed,1485
bemike,2007-6,Directed,1486
yinchuchen,2007-6,Directed,1487
tomjote,2007-6,Directed,1488
luxury212,2007-6,Directed,1489
himicky,2007-6,Directed,1490
ffee,2007-6,Directed,1491
polonws,2007-6,Directed,1492
vbvb,2007-6,Directed,1493
dookaz,2007-6,Directed,1494
omaiga,2007-6,Directed,1495
jackiln0508,2007-6,Directed,1496
naryao,2007-6,Directed,1497
JandyJean,2007-6,Directed,1498
ikingqu,2007-6,Directed,1499
maoz,2007-6,Directed,1500
lakasky,2007-6,Directed,1501
feng37,2007-7,Directed,1502
sanzo,2007-7,Directed,1503
frankyguo,2007-7,Directed,1504
hanamizuki,2007-7,Directed,1505
wutheringsea,2007-7,Directed,1506
sparklezeng,2007-7,Directed,1507
colinzhu,2007-7,Directed,1508
ikbear,2007-7,Directed,1509
nufeng,2007-7,Directed,1510
pengyu,2007-7,Directed,1511
moriwei,2007-7,Directed,1512
hujiongtao,2007-7,Directed,1513
xulz,2007-7,Directed,1514
anywan,2007-7,Directed,1515
johnordic,2007-7,Directed,1516
liufeng,2007-7,Directed,1517
yenwei,2007-7,Directed,1518
redstarstar,2007-7,Directed,1519
jdkcn,2007-7,Directed,1520
jinuljt,2007-7,Directed,1521
animerxn,2007-7,Directed,1522
dogs139,2007-7,Directed,1523
Chyng,2007-7,Directed,1524
duecare,2007-7,Directed,1525
zingyu,2007-7,Directed,1526
linuxcity,2007-7,Directed,1527
alexmuchsin,2007-7,Directed,1528
boxup,2007-7,Directed,1529
liujinguang,2007-7,Directed,1530
kenmoo,2007-7,Directed,1531
MarsOcean,2007-7,Directed,1532
duanwenming,2007-7,Directed,1533
zhongwei,2007-7,Directed,1534
hihihi138,2007-7,Directed,1535
jiaojing,2007-7,Directed,1536
qycpublic,2007-7,Directed,1537
a_matsuda,2007-7,Directed,1538
lame_chen,2007-7,Directed,1539
ejake,2007-7,Directed,1540
k_cn,2007-7,Directed,1541
lucian_liu,2007-7,Directed,1542
barcalan,2007-7,Directed,1543
WeiyuZ,2007-7,Directed,1544
liuliushi,2007-7,Directed,1545
ianchin,2007-7,Directed,1546
macally,2007-7,Directed,1547
shenxiaochun,2007-7,Directed,1548
Gamma,2007-7,Directed,1549
huangou,2007-7,Directed,1550
regina_ng,2007-7,Directed,1551
yuno,2007-7,Directed,1552
siutung,2007-7,Directed,1553
ganbe,2007-7,Directed,1554
zsj1zsj,2007-7,Directed,1555
leejian,2007-7,Directed,1556
guyu,2007-7,Directed,1557
MrFriday,2007-7,Directed,1558
chloerei,2007-7,Directed,1559
sunwingman,2007-7,Directed,1560
yanghao,2007-7,Directed,1561
toozhu,2007-7,Directed,1562
elbert,2007-7,Directed,1563
kacakong,2007-7,Directed,1564
simon852,2007-7,Directed,1565
rakeqingbo,2007-7,Directed,1566
hkdom,2007-7,Directed,1567
ZhangJackz,2007-7,Directed,1568
ever613,2007-7,Directed,1569
kattebelletje,2007-7,Directed,1570
ymjrlraggu99,2007-7,Directed,1571
xiaocao,2007-7,Directed,1572
KKRichi111,2007-7,Directed,1573
adblock,2007-7,Directed,1574
wobblies67,2007-7,Directed,1575
mimiaries,2007-7,Directed,1576
Akshon,2007-7,Directed,1577
timsid99,2007-7,Directed,1578
knifebaby,2007-7,Directed,1579
basilliu,2007-7,Directed,1580
zozovo,2007-7,Directed,1581
_Liridice,2007-7,Directed,1582
warrenlo,2007-7,Directed,1583
huangjingyun,2007-7,Directed,1584
yulecn,2007-7,Directed,1585
lzweekly,2007-7,Directed,1586
msvanny,2007-7,Directed,1587
ssword,2007-7,Directed,1588
fanbaoxian,2007-7,Directed,1589
cwyuni,2007-7,Directed,1590
dixy0,2007-7,Directed,1591
Valeriusober,2007-7,Directed,1592
wany,2007-7,Directed,1593
ClimbingXie,2007-7,Directed,1594
ivanusto,2007-7,Directed,1595
tracycat,2007-7,Directed,1596
dowellhz,2007-7,Directed,1597
wangtianthu,2007-7,Directed,1598
prettyblue,2007-7,Directed,1599
weihsi,2007-7,Directed,1600
AuroreRien,2007-7,Directed,1601
sillyegg,2007-7,Directed,1602
lonelyeagle,2007-7,Directed,1603
adawong,2007-7,Directed,1604
gamestu,2007-7,Directed,1605
wenbing,2007-7,Directed,1606
Jeff_Yu,2007-7,Directed,1607
szwest,2007-7,Directed,1608
ghprince,2007-7,Directed,1609
hasumiryo,2007-7,Directed,1610
echotpe,2007-7,Directed,1611
ixfx,2007-7,Directed,1612
Etrnls,2007-7,Directed,1613
primerlife,2007-7,Directed,1614
erichktsang,2007-7,Directed,1615
tony8291,2007-7,Directed,1616
tutchiio,2007-7,Directed,1617
zhangjin,2007-7,Directed,1618
super0zero,2007-7,Directed,1619
wynxu,2007-7,Directed,1620
me884213,2007-7,Directed,1621
v_end,2007-7,Directed,1622
sparkishwong,2007-7,Directed,1623
huyong,2007-7,Directed,1624
inick,2007-7,Directed,1625
guccio,2007-7,Directed,1626
audreyt,2007-7,Directed,1627
xell,2007-7,Directed,1628
moole,2007-7,Directed,1629
vc2tea,2007-7,Directed,1630
zxsky1,2007-7,Directed,1631
fuhongfang,2007-7,Directed,1632
ewei,2007-7,Directed,1633
jeanyfc,2007-7,Directed,1634
pinyun,2007-7,Directed,1635
cynthyoo,2007-7,Directed,1636
IsaacYSu,2007-7,Directed,1637
NewChinaNews,2007-7,Directed,1638
privater,2007-7,Directed,1639
imumi,2007-7,Directed,1640
cachet,2007-7,Directed,1641
fqx,2007-7,Directed,1642
24hour,2007-7,Directed,1643
yen_3580,2007-7,Directed,1644
bergkamp,2007-7,Directed,1645
letitialulu,2007-7,Directed,1646
jaycy,2007-7,Directed,1647
AndieCinema,2007-7,Directed,1648
HanBing,2007-7,Directed,1649
cherl,2007-7,Directed,1650
lezhwa,2007-7,Directed,1651
Rachelshi,2007-7,Directed,1652
soupname,2007-7,Directed,1653
doublek66,2007-7,Directed,1654
xiaoup,2007-7,Directed,1655
LionelPercy,2007-7,Directed,1656
Kymmie,2007-7,Directed,1657
BlueT,2007-7,Directed,1658
kezhe,2007-7,Directed,1659
NelsonCat,2007-7,Directed,1660
NickyYe,2007-7,Directed,1661
piggybox,2007-7,Directed,1662
imsoniku,2007-7,Directed,1663
pengan,2007-7,Directed,1664
chiahua,2007-7,Directed,1665
linzerd,2007-7,Directed,1666
gongwenwei,2007-7,Directed,1667
xpoint,2007-7,Directed,1668
lornwolf,2007-7,Directed,1669
bsun,2007-7,Directed,1670
Piggest,2007-7,Directed,1671
foxvip,2007-7,Directed,1672
Vincentzh,2007-7,Directed,1673
ifossil,2007-7,Directed,1674
littley,2007-7,Directed,1675
czp,2007-7,Directed,1676
djpisces,2007-7,Directed,1677
wotodoo,2007-7,Directed,1678
jyueyilin,2007-7,Directed,1679
dorkboycomics,2007-7,Directed,1680
corlin,2007-7,Directed,1681
charry,2007-7,Directed,1682
leies,2007-7,Directed,1683
lioyeah,2007-7,Directed,1684
sherlocklam92,2007-7,Directed,1685
enching,2007-7,Directed,1686
ssrna,2007-7,Directed,1687
sillyleo,2007-7,Directed,1688
Hexilou,2007-7,Directed,1689
tzuwei,2007-7,Directed,1690
mengfei,2007-7,Directed,1691
VeyronLi,2007-7,Directed,1692
miroro,2007-7,Directed,1693
cultprairie,2007-7,Directed,1694
NWMonster,2007-7,Directed,1695
yllan,2007-7,Directed,1696
tzfzft,2007-7,Directed,1697
yohochang,2007-7,Directed,1698
francly,2007-7,Directed,1699
KaiserKuo,2007-7,Directed,1700
pauldeng,2007-7,Directed,1701
littlegirrll,2007-7,Directed,1702
fake_faith,2007-7,Directed,1703
xiongge,2007-7,Directed,1704
marcolibrary,2007-7,Directed,1705
catsondbs,2007-7,Directed,1706
ShenShu,2007-7,Directed,1707
Kinopio,2007-7,Directed,1708
_cxa,2007-7,Directed,1709
patrickliu,2007-7,Directed,1710
norsizu,2007-7,Directed,1711
GuoJiayue,2007-7,Directed,1712
Stanleyzhen,2007-7,Directed,1713
jennyblogger,2007-7,Directed,1714
bluelqe,2007-7,Directed,1715
terrywang,2007-7,Directed,1716
idelyse,2007-7,Directed,1717
ShawTim,2007-7,Directed,1718
jianmir,2007-7,Directed,1719
huar,2007-7,Directed,1720
taiwan101,2007-7,Directed,1721
InDeepNight,2007-7,Directed,1722
dbmayur,2007-7,Directed,1723
joshuatly,2007-7,Directed,1724
MrXuu,2007-7,Directed,1725
n__ny,2007-7,Directed,1726
filip_y,2007-7,Directed,1727
justinpc,2007-7,Directed,1728
xichen,2007-7,Directed,1729
darrynliew,2007-7,Directed,1730
elek,2007-7,Directed,1731
bfishadow,2007-7,Directed,1732
wongyingkei,2007-7,Directed,1733
ninux,2007-7,Directed,1734
racklin,2007-7,Directed,1735
FlyChina,2007-7,Directed,1736
ParN_Fe,2007-7,Directed,1737
lanhuai,2007-7,Directed,1738
pubuhan,2007-7,Directed,1739
a2n,2007-7,Directed,1740
cbstown,2007-7,Directed,1741
KhoyYan,2007-7,Directed,1742
sunajia,2007-7,Directed,1743
pallas,2007-7,Directed,1744
limon7,2007-7,Directed,1745
hypo,2007-7,Directed,1746
ybbswc,2007-7,Directed,1747
pinnipan,2007-7,Directed,1748
zhusee2,2007-7,Directed,1749
anny,2007-7,Directed,1750
Weeker,2007-7,Directed,1751
deniscch,2007-7,Directed,1752
aniu,2007-7,Directed,1753
othree,2007-7,Directed,1754
k3vink3vin,2007-7,Directed,1755
fastid,2007-7,Directed,1756
managementbug,2007-7,Directed,1757
tingwang,2007-7,Directed,1758
chunchuan,2007-7,Directed,1759
nepttako,2007-7,Directed,1760
fred9113,2007-7,Directed,1761
ticticta,2007-7,Directed,1762
lookon,2007-7,Directed,1763
Digidea,2007-7,Directed,1764
olddog1st,2007-7,Directed,1765
christinelu,2007-7,Directed,1766
gaga3,2007-7,Directed,1767
missD,2007-7,Directed,1768
faifaifai,2007-7,Directed,1769
joe_qu,2007-7,Directed,1770
benliong,2007-7,Directed,1771
xiaochaoy,2007-7,Directed,1772
zhuobing,2007-7,Directed,1773
huwell,2007-7,Directed,1774
jeremy_3c,2007-7,Directed,1775
jbyu,2007-7,Directed,1776
bigsun,2007-7,Directed,1777
kylexlau,2007-7,Directed,1778
sinoee,2007-7,Directed,1779
calfen,2007-7,Directed,1780
jing571,2007-7,Directed,1781
sputnikworld,2007-7,Directed,1782
thomaspan,2007-7,Directed,1783
pseudolapiz,2007-7,Directed,1784
mjhsieh,2007-7,Directed,1785
eiscat,2007-8,Directed,1786
magicwong,2007-8,Directed,1787
mrmoneyc,2007-8,Directed,1788
CoffeeAt23,2007-8,Directed,1789
hoishing,2007-8,Directed,1790
matthew6688,2007-8,Directed,1791
akiraken,2007-8,Directed,1792
kouis,2007-8,Directed,1793
ferrari_tw,2007-8,Directed,1794
celiasu,2007-8,Directed,1795
orz_Y,2007-8,Directed,1796
coolxin,2007-8,Directed,1797
janlai,2007-8,Directed,1798
uitony,2007-8,Directed,1799
FanJ,2007-8,Directed,1800
shaside,2007-8,Directed,1801
zhurui,2007-8,Directed,1802
ztpala,2007-8,Directed,1803
jurassicboy,2007-8,Directed,1804
nirvananana,2007-8,Directed,1805
Xiekui,2007-8,Directed,1806
derekish,2007-8,Directed,1807
Leica,2007-8,Directed,1808
ihower,2007-8,Directed,1809
zhengyun,2007-8,Directed,1810
lauhoho,2007-8,Directed,1811
ruogu,2007-8,Directed,1812
chicvida,2007-8,Directed,1813
alibuybuy,2007-8,Directed,1814
oddIH,2007-8,Directed,1815
0FX,2007-8,Directed,1816
huskyman,2007-8,Directed,1817
simoncf,2007-8,Directed,1818
tarjan,2007-8,Directed,1819
fannheyward,2007-8,Directed,1820
ShingoWu,2007-8,Directed,1821
vonbo,2007-8,Directed,1822
benbenhai,2007-8,Directed,1823
slene,2007-8,Directed,1824
63gger,2007-8,Directed,1825
omnichan,2007-8,Directed,1826
lovekendra,2007-8,Directed,1827
atropos,2007-8,Directed,1828
handsomecheung,2007-8,Directed,1829
lianqing,2007-8,Directed,1830
duhongtao,2007-8,Directed,1831
reesetan77,2007-8,Directed,1832
nicholasdsj,2007-8,Directed,1833
monsterence,2007-8,Directed,1834
abbyling,2007-8,Directed,1835
firetiger,2007-8,Directed,1836
frogin,2007-8,Directed,1837
startx,2007-8,Directed,1838
bone4dancer,2007-8,Directed,1839
wingp,2007-8,Directed,1840
1898,2007-8,Directed,1841
7_70,2007-8,Directed,1842
tuanyangwang,2007-8,Directed,1843
onlytae,2007-8,Directed,1844
jimmylo1979,2007-8,Directed,1845
dm4,2007-8,Directed,1846
McPhone,2007-8,Directed,1847
lihui,2007-8,Directed,1848
xdream,2007-8,Directed,1849
leafduo,2007-8,Directed,1850
linjiacheng,2007-8,Directed,1851
eXrld,2007-8,Directed,1852
zhulinaoo,2007-8,Directed,1853
gh05tw01f,2007-8,Directed,1854
stoneip,2007-8,Directed,1855
cipcsl,2007-8,Directed,1856
lemankwok,2007-8,Directed,1857
DavidFeng,2007-8,Directed,1858
xiexuan,2007-8,Directed,1859
lazurloner,2007-8,Directed,1860
linping,2007-8,Directed,1861
thatway,2007-8,Directed,1862
enempire,2007-8,Directed,1863
xiao2duo,2007-8,Directed,1864
Dwchinese,2007-8,Directed,1865
VOAChinese,2007-8,Directed,1866
hsfeng,2007-8,Directed,1867
RFAChinese,2007-8,Directed,1868
huashuai,2007-8,Directed,1869
iJoy,2007-8,Directed,1870
casperodj,2007-8,Directed,1871
_OneZ,2007-8,Directed,1872
yangtao,2007-8,Directed,1873
kehao,2007-8,Directed,1874
lilaboc,2007-8,Directed,1875
soundfury,2007-8,Directed,1876
wikinews,2007-8,Directed,1877
lulumae,2007-8,Directed,1878
simsummer,2007-8,Directed,1879
greenmoon55,2007-8,Directed,1880
vayn,2007-8,Directed,1881
shellingford,2007-8,Directed,1882
gfwchina,2007-8,Directed,1883
iam8li,2007-8,Directed,1884
kingxu1983,2007-8,Directed,1885
liujinmarshall,2007-8,Directed,1886
dingar,2007-8,Directed,1887
andyluo197,2007-8,Directed,1888
hanguofeng,2007-8,Directed,1889
rtSun,2007-8,Directed,1890
Havxi,2007-8,Directed,1891
conan06,2007-8,Directed,1892
kurtlee,2007-8,Directed,1893
mengite,2007-8,Directed,1894
tinroc,2007-8,Directed,1895
doz,2007-8,Directed,1896
chehui,2007-8,Directed,1897
xuebao,2007-8,Directed,1898
pacinoson,2007-8,Directed,1899
cooldoger,2007-8,Directed,1900
aikenlin,2007-8,Directed,1901
zwang_cn,2007-8,Directed,1902
machiyo666,2007-8,Directed,1903
darkwings,2007-8,Directed,1904
TerriYan,2007-8,Directed,1905
wingard,2007-8,Directed,1906
zhiqiang,2007-8,Directed,1907
Lucifel,2007-8,Directed,1908
cblive,2007-8,Directed,1909
atonny,2007-8,Directed,1910
infernor,2007-8,Directed,1911
jeromyu,2007-8,Directed,1912
kedy,2007-8,Directed,1913
irmb,2007-8,Directed,1914
irenz,2007-8,Directed,1915
wangchun,2007-8,Directed,1916
linzheming,2007-8,Directed,1917
yetaai,2007-8,Directed,1918
JoeRaimondo,2007-8,Directed,1919
davies,2007-8,Directed,1920
zhao,2007-8,Directed,1921
gneheix,2007-8,Directed,1922
woocool,2007-8,Directed,1923
carrieli1216,2007-8,Directed,1924
vvchn,2007-8,Directed,1925
MikuoYu,2007-8,Directed,1926
mydot,2007-8,Directed,1927
Jin825,2007-8,Directed,1928
cwyalpha,2007-8,Directed,1929
hunteva,2007-8,Directed,1930
chenzaichun,2007-8,Directed,1931
TwoCents,2007-8,Directed,1932
haidai,2007-8,Directed,1933
djjian,2007-8,Directed,1934
mikap45,2007-8,Directed,1935
nteril,2007-8,Directed,1936
itsorz,2007-8,Directed,1937
chinako,2007-8,Directed,1938
davechua,2007-8,Directed,1939
XYing,2007-8,Directed,1940
lundi326,2007-8,Directed,1941
charl,2007-8,Directed,1942
jovinci,2007-8,Directed,1943
fluffyjay,2007-8,Directed,1944
hillyu,2007-8,Directed,1945
thinkmaloney,2007-8,Directed,1946
niutian,2007-8,Directed,1947
cjsmumian,2007-8,Directed,1948
lunnatic,2007-8,Directed,1949
simonver,2007-8,Directed,1950
darksidekick,2007-8,Directed,1951
ccool2486,2007-8,Directed,1952
jefferywong,2007-8,Directed,1953
hokuto_su,2007-8,Directed,1954
s_911,2007-8,Directed,1955
gnawux,2007-8,Directed,1956
duxin,2007-8,Directed,1957
lorben,2007-8,Directed,1958
freeware,2007-8,Directed,1959
andyxiahua,2007-8,Directed,1960
kaboslee,2007-8,Directed,1961
ningyp,2007-8,Directed,1962
tinn,2007-8,Directed,1963
rainystar,2007-8,Directed,1964
kakaryan,2007-8,Directed,1965
allergic,2007-8,Directed,1966
aosky,2007-8,Directed,1967
chadsotelo,2007-8,Directed,1968
XuelinQiu,2007-8,Directed,1969
adamzhu1986,2007-8,Directed,1970
jlusdy,2007-8,Directed,1971
meditic,2007-8,Directed,1972
xufan6,2007-8,Directed,1973
snowy_we,2007-8,Directed,1974
lidaobing,2007-8,Directed,1975
steelsnarl,2007-8,Directed,1976
telshl,2007-8,Directed,1977
bluevisor,2007-8,Directed,1978
tsyung,2007-8,Directed,1979
petercheng,2007-8,Directed,1980
yeefe,2007-8,Directed,1981
clown5959,2007-8,Directed,1982
ilko,2007-8,Directed,1983
jwsun,2007-8,Directed,1984
kamusis,2007-8,Directed,1985
feelinglucky,2007-8,Directed,1986
SidneyZhang,2007-8,Directed,1987
Satans,2007-9,Directed,1988
yoyicue,2007-9,Directed,1989
tacy,2007-9,Directed,1990
poochi,2007-9,Directed,1991
jesusming,2007-9,Directed,1992
icpy,2007-9,Directed,1993
nicaio,2007-9,Directed,1994
EYE757,2007-9,Directed,1995
zhangkf,2007-9,Directed,1996
lynxlike,2007-9,Directed,1997
lichray,2007-9,Directed,1998
PenPen_BX292A,2007-9,Directed,1999
zhaoyajie,2007-9,Directed,2000
mrhsutwit,2007-9,Directed,2001
fatjohn,2007-9,Directed,2002
deepnorth,2007-9,Directed,2003
myself2,2007-9,Directed,2004
wahaha,2007-9,Directed,2005
wengzhijuan,2007-9,Directed,2006
wen_zh,2007-9,Directed,2007
icydeepblue,2007-9,Directed,2008
holysephiroth,2007-9,Directed,2009
xiaolin,2007-9,Directed,2010
dtchiwei,2007-9,Directed,2011
JustWhining,2007-9,Directed,2012
jackyxiang,2007-9,Directed,2013
thisiswiki,2007-9,Directed,2014
duwei1018,2007-9,Directed,2015
lsdjqwq,2007-9,Directed,2016
singice,2007-9,Directed,2017
Jeffrey04,2007-9,Directed,2018
gracepig,2007-9,Directed,2019
EnseiRyu,2007-9,Directed,2020
serenezzzzz,2007-9,Directed,2021
vampireD4,2007-9,Directed,2022
mangoice,2007-9,Directed,2023
gr8bad,2007-9,Directed,2024
next9baby,2007-9,Directed,2025
shinyalexander,2007-9,Directed,2026
NetPuter,2007-9,Directed,2027
byxiaoma,2007-9,Directed,2028
teeortee,2007-9,Directed,2029
fiorano,2007-9,Directed,2030
sospartan,2007-9,Directed,2031
jade71,2007-9,Directed,2032
wolong,2007-9,Directed,2033
winnielin,2007-9,Directed,2034
duhang,2007-9,Directed,2035
wingoo,2007-9,Directed,2036
eulereld,2007-9,Directed,2037
dinorex,2007-9,Directed,2038
lfeng,2007-9,Directed,2039
msl,2007-9,Directed,2040
giffword,2007-9,Directed,2041
dipplum,2007-9,Directed,2042
Kenwoh,2007-9,Directed,2043
anthonychen,2007-9,Directed,2044
jimmy_tsui,2007-9,Directed,2045
simonshek,2007-9,Directed,2046
kayue,2007-9,Directed,2047
kyodaku,2007-9,Directed,2048
eustacia,2007-9,Directed,2049
SuperBreakMan,2007-9,Directed,2050
dc_ckhab,2007-9,Directed,2051
keithchau,2007-9,Directed,2052
zhen,2007-9,Directed,2053
chadcat,2007-9,Directed,2054
samadhi,2007-9,Directed,2055
jchenibm,2007-9,Directed,2056
weil,2007-9,Directed,2057
aichimifan,2007-9,Directed,2058
walkingice,2007-9,Directed,2059
zbcjackson,2007-9,Directed,2060
grapeocean,2007-9,Directed,2061
coffeeyy,2007-9,Directed,2062
moonpalace777,2007-9,Directed,2063
yujian,2007-9,Directed,2064
stcheeseong,2007-9,Directed,2065
candyspecimen,2007-9,Directed,2066
zt,2007-9,Directed,2067
NetNetC,2007-9,Directed,2068
deepwhite,2007-9,Directed,2069
bahcer,2007-9,Directed,2070
xiaonei,2007-9,Directed,2071
jplaman,2007-9,Directed,2072
tvcafe,2007-9,Directed,2073
jumpmobile,2007-9,Directed,2074
skonyi,2007-9,Directed,2075
amoswish,2007-9,Directed,2076
matteoc,2007-9,Directed,2077
NotExist,2007-9,Directed,2078
rockngo,2007-9,Directed,2079
geledraak,2007-9,Directed,2080
i7up,2007-9,Directed,2081
superlevin,2007-9,Directed,2082
psikyo,2007-9,Directed,2083
liuliu422,2007-9,Directed,2084
tanbamboo,2007-9,Directed,2085
donglu,2007-9,Directed,2086
_andycheng,2007-9,Directed,2087
cail,2007-9,Directed,2088
ranxiang,2007-9,Directed,2089
Nathandfox,2007-9,Directed,2090
StarKnight,2007-9,Directed,2091
winterjane,2007-9,Directed,2092
lucoco,2007-9,Directed,2093
ywhuang,2007-9,Directed,2094
fadou,2007-9,Directed,2095
lijinyang,2007-9,Directed,2096
chungshane,2007-9,Directed,2097
flamelin,2007-9,Directed,2098
loveamami,2007-9,Directed,2099
mberry15,2007-9,Directed,2100
chihchun,2007-9,Directed,2101
KITKITPIG,2007-9,Directed,2102
LeoAlmighty,2007-9,Directed,2103
MyTable,2007-9,Directed,2104
freemoren,2007-9,Directed,2105
zengjinyan,2007-9,Directed,2106
xm_jirong,2007-9,Directed,2107
fayscinate,2007-9,Directed,2108
syhan,2007-9,Directed,2109
chongeng,2007-9,Directed,2110
kexianbing,2007-9,Directed,2111
wellboz,2007-9,Directed,2112
raecoo,2007-9,Directed,2113
RoyLaw,2007-9,Directed,2114
bcse,2007-9,Directed,2115
Presario,2007-9,Directed,2116
elviseno,2007-9,Directed,2117
pindleskin,2007-9,Directed,2118
william_yeh,2007-9,Directed,2119
metavige,2007-9,Directed,2120
terryxxy,2007-9,Directed,2121
lukeshei,2007-9,Directed,2122
lunaticarus,2007-9,Directed,2123
liumiao,2007-9,Directed,2124
JianfenXie,2007-9,Directed,2125
jonathansin,2007-9,Directed,2126
lozen130,2007-9,Directed,2127
jamlight,2007-9,Directed,2128
usr,2007-9,Directed,2129
bnbstar,2007-9,Directed,2130
Hidden_Ace,2007-9,Directed,2131
ROXYTOM,2007-10,Directed,2132
xiabill,2007-10,Directed,2133
aquabow,2007-10,Directed,2134
zidanereal5,2007-10,Directed,2135
olivier_wang,2007-10,Directed,2136
gsj987,2007-10,Directed,2137
peachen,2007-10,Directed,2138
Hiing,2007-10,Directed,2139
icman,2007-10,Directed,2140
jolee8,2007-10,Directed,2141
wangyili,2007-10,Directed,2142
joeykao,2007-10,Directed,2143
tunghsiao,2007-10,Directed,2144
sporgar,2007-10,Directed,2145
anchorsun,2007-10,Directed,2146
samwize,2007-10,Directed,2147
redicaps,2007-10,Directed,2148
lushan,2007-10,Directed,2149
darrentkt,2007-10,Directed,2150
kazewind,2007-10,Directed,2151
kikathetomato,2007-10,Directed,2152
digitalpig,2007-10,Directed,2153
leoLX,2007-10,Directed,2154
ichencita,2007-10,Directed,2155
xiaodang,2007-10,Directed,2156
Shuihuise,2007-10,Directed,2157
zengliang,2007-10,Directed,2158
nonamelive,2007-10,Directed,2159
nellyzhao,2007-10,Directed,2160
rezenxu,2007-10,Directed,2161
dangdang00,2007-10,Directed,2162
zyn,2007-10,Directed,2163
kangleay,2007-10,Directed,2164
boks,2007-10,Directed,2165
hikaruwang,2007-10,Directed,2166
reiko67,2007-10,Directed,2167
dududoor,2007-10,Directed,2168
rodge,2007-10,Directed,2169
ajneok,2007-10,Directed,2170
seeker0733,2007-10,Directed,2171
anuxs,2007-10,Directed,2172
lovecankill,2007-10,Directed,2173
Evyl,2007-10,Directed,2174
MarcoYin,2007-10,Directed,2175
hamsn315,2007-10,Directed,2176
Manchun,2007-10,Directed,2177
zhangxue,2007-10,Directed,2178
yaochen,2007-10,Directed,2179
dcaoyuan,2007-10,Directed,2180
WangShuo,2007-10,Directed,2181
Cloudream,2007-10,Directed,2182
lasouveraine,2007-10,Directed,2183
iamherelee,2007-10,Directed,2184
yufulin,2007-10,Directed,2185
TVXQ,2007-10,Directed,2186
ternyu,2007-10,Directed,2187
floatj,2007-10,Directed,2188
pyhunterpig,2007-10,Directed,2189
NOQ00,2007-10,Directed,2190
robaggio,2007-10,Directed,2191
uftea,2007-10,Directed,2192
weifeng,2007-10,Directed,2193
fivestone,2007-10,Directed,2194
chisdy,2007-10,Directed,2195
Khenniee,2007-10,Directed,2196
eshen_bbi,2007-10,Directed,2197
cless,2007-10,Directed,2198
zhaokai,2007-10,Directed,2199
voar,2007-10,Directed,2200
c9,2007-10,Directed,2201
villahwong,2007-10,Directed,2202
ivershuo,2007-10,Directed,2203
casoul,2007-10,Directed,2204
poshenghsu,2007-10,Directed,2205
dancingkyu,2007-10,Directed,2206
hsz15,2007-10,Directed,2207
envymask,2007-10,Directed,2208
cd2020,2007-10,Directed,2209
stainless,2007-10,Directed,2210
biesnecker,2007-10,Directed,2211
banghsiao,2007-10,Directed,2212
youz,2007-10,Directed,2213
jinhow,2007-10,Directed,2214
irvinfly,2007-10,Directed,2215
fatduck10,2007-10,Directed,2216
flyforlove,2007-10,Directed,2217
netbugs,2007-10,Directed,2218
charmgene,2007-10,Directed,2219
Windyj,2007-10,Directed,2220
ifew,2007-10,Directed,2221
wwfalcon,2007-10,Directed,2222
christiehuang5,2007-10,Directed,2223
etall,2007-10,Directed,2224
boyl,2007-10,Directed,2225
gongyin,2007-10,Directed,2226
wangweij,2007-10,Directed,2227
mstzou,2007-10,Directed,2228
steley,2007-10,Directed,2229
ke___ke,2007-10,Directed,2230
jpaine,2007-10,Directed,2231
zhshi,2007-10,Directed,2232
BruceLi,2007-10,Directed,2233
chenyi1976,2007-10,Directed,2234
Fannysin,2007-10,Directed,2235
hugozhu,2007-10,Directed,2236
yenyo,2007-10,Directed,2237
Motorbike,2007-10,Directed,2238
yqowen,2007-10,Directed,2239
allanyong,2007-10,Directed,2240
SkysubO,2007-10,Directed,2241
cebe,2007-10,Directed,2242
ArcheyJie,2007-10,Directed,2243
geraldinecuason,2007-10,Directed,2244
buzzjiang,2007-10,Directed,2245
iceplee,2007-10,Directed,2246
PremierGao,2007-10,Directed,2247
DarthAnarchy,2007-10,Directed,2248
Bbrother,2007-10,Directed,2249
nowherelse,2007-10,Directed,2250
Olegja3d,2007-10,Directed,2251
benzillar,2007-10,Directed,2252
faezrland,2007-10,Directed,2253
chrisonrails,2007-10,Directed,2254
roamlog,2007-11,Directed,2255
dinnie,2007-11,Directed,2256
Crysteaaa,2007-11,Directed,2257
gorbinster,2007-11,Directed,2258
richielin996,2007-11,Directed,2259
gaolei80,2007-11,Directed,2260
xiaoyue,2007-11,Directed,2261
rikki_lv,2007-11,Directed,2262
tsung,2007-11,Directed,2263
iPayNe_PM,2007-11,Directed,2264
leftsidestory,2007-11,Directed,2265
evillions,2007-11,Directed,2266
sunyforever,2007-11,Directed,2267
lmpprk,2007-11,Directed,2268
after1990s,2007-11,Directed,2269
cindywong,2007-11,Directed,2270
msjessies,2007-11,Directed,2271
stewwu,2007-11,Directed,2272
kenyth,2007-11,Directed,2273
beatlesapple,2007-11,Directed,2274
sheringham,2007-11,Directed,2275
pip33chi,2007-11,Directed,2276
plstudio,2007-11,Directed,2277
ioualice,2007-11,Directed,2278
blackgoldfish,2007-11,Directed,2279
yueeryou,2007-11,Directed,2280
lotuszhang,2007-11,Directed,2281
xiaoyizhi,2007-11,Directed,2282
suntw,2007-11,Directed,2283
scleung0918,2007-11,Directed,2284
ahme,2007-11,Directed,2285
Donglin_Chen,2007-11,Directed,2286
Weixuhong,2007-11,Directed,2287
KidASD,2007-11,Directed,2288
Rebecca_Dong,2007-11,Directed,2289
kenhsn,2007-11,Directed,2290
peakvision,2007-11,Directed,2291
yisn,2007-11,Directed,2292
scala,2007-11,Directed,2293
rodkar,2007-11,Directed,2294
Beichen,2007-11,Directed,2295
icorey,2007-11,Directed,2296
yht,2007-11,Directed,2297
alanmarshermes,2007-11,Directed,2298
365hope,2007-11,Directed,2299
ZongYi,2007-11,Directed,2300
dazuiba,2007-11,Directed,2301
bootleq,2007-11,Directed,2302
Leaskh,2007-11,Directed,2303
TingPeng,2007-11,Directed,2304
bullock,2007-11,Directed,2305
kommit,2007-11,Directed,2306
smallapple,2007-11,Directed,2307
linshibi,2007-11,Directed,2308
pemiamos,2007-11,Directed,2309
imbbr,2007-11,Directed,2310
xie801,2007-11,Directed,2311
ronnywang,2007-11,Directed,2312
Humou,2007-11,Directed,2313
pofeng,2007-11,Directed,2314
brianwong,2007-11,Directed,2315
FT_China,2007-11,Directed,2316
sleepnova,2007-11,Directed,2317
helloleo,2007-11,Directed,2318
purebox,2007-11,Directed,2319
Dreamcolor,2007-11,Directed,2320
hyperoma,2007-11,Directed,2321
penk,2007-11,Directed,2322
ariosto,2007-11,Directed,2323
thinkerCKD,2007-11,Directed,2324
willemjiang,2007-11,Directed,2325
cleverpig,2007-11,Directed,2326
infzm,2007-11,Directed,2327
jimxie,2007-11,Directed,2328
iceboundrock,2007-11,Directed,2329
benjamingao,2007-11,Directed,2330
jhihguan,2007-11,Directed,2331
cheokneic,2007-11,Directed,2332
ouning,2007-11,Directed,2333
lericzhang,2007-11,Directed,2334
oldbruce,2007-11,Directed,2335
Kimi_Chen,2007-11,Directed,2336
Louie79,2007-11,Directed,2337
sshproxy,2007-11,Directed,2338
wzwanghai,2007-11,Directed,2339
chonghead,2007-11,Directed,2340
Olivefee,2007-11,Directed,2341
savesaturn,2007-11,Directed,2342
neodoxy,2007-11,Directed,2343
kentsin,2007-11,Directed,2344
cdsheen,2007-11,Directed,2345
Alexiao411,2007-11,Directed,2346
chsiao,2007-11,Directed,2347
DAUCTER,2007-11,Directed,2348
thepekingorder,2007-11,Directed,2349
jeynnecool,2007-11,Directed,2350
Pseric,2007-11,Directed,2351
junbro,2007-11,Directed,2352
flycondor,2007-11,Directed,2353
bobolook,2007-11,Directed,2354
oiwan,2007-11,Directed,2355
chuiyi,2007-11,Directed,2356
chenxiaoqino,2007-11,Directed,2357
queenz,2007-11,Directed,2358
andelf,2007-11,Directed,2359
roly,2007-11,Directed,2360
imwww,2007-11,Directed,2361
winneryong,2007-11,Directed,2362
viv1an,2007-11,Directed,2363
edward_lin,2007-11,Directed,2364
Arec,2007-11,Directed,2365
suzukei,2007-11,Directed,2366
uprush,2007-11,Directed,2367
yy77,2007-11,Directed,2368
cranecn,2007-11,Directed,2369
shorey,2007-11,Directed,2370
Gary_Yang,2007-11,Directed,2371
maxiujun,2007-11,Directed,2372
minghao,2007-11,Directed,2373
Enfan,2007-11,Directed,2374
rebelboy,2007-11,Directed,2375
metalbrick,2007-11,Directed,2376
tangblack,2007-11,Directed,2377
chenagw,2007-11,Directed,2378
imotta,2007-11,Directed,2379
hugege,2007-11,Directed,2380
abu9,2007-11,Directed,2381
lonelyrey,2007-11,Directed,2382
mingwei,2007-11,Directed,2383
aston314,2007-11,Directed,2384
tonymagic,2007-11,Directed,2385
yeka52,2007-11,Directed,2386
jeffyuchang,2007-11,Directed,2387
beijingqinxuan,2007-11,Directed,2388
NelsonT,2007-11,Directed,2389
ajaxblogger,2007-11,Directed,2390
jasontsui,2007-11,Directed,2391
ddsakura,2007-11,Directed,2392
hnboy2005,2007-11,Directed,2393
17een,2007-11,Directed,2394
wangdong,2007-11,Directed,2395
smallcolor,2007-11,Directed,2396
alanxavier,2007-11,Directed,2397
cinatit,2007-11,Directed,2398
cnMoon,2007-11,Directed,2399
jamesrolle,2007-11,Directed,2400
heyiming,2007-11,Directed,2401
adamsxu,2007-11,Directed,2402
gonglinzhong,2007-11,Directed,2403
emilyshow,2007-11,Directed,2404
menmang,2007-11,Directed,2405
niteshrohit,2007-11,Directed,2406
gqzhang,2007-11,Directed,2407
cocakl,2007-11,Directed,2408
lxj831,2007-11,Directed,2409
magicat,2007-11,Directed,2410
Zoll,2007-11,Directed,2411
yaqian,2007-11,Directed,2412
dyxin,2007-11,Directed,2413
BeataLyn,2007-11,Directed,2414
7655cjc,2007-11,Directed,2415
mauxu,2007-11,Directed,2416
chocobo8,2007-11,Directed,2417
huoye,2007-11,Directed,2418
xiaoyufei,2007-11,Directed,2419
pr0n,2007-11,Directed,2420
ziru,2007-11,Directed,2421
tanktan,2007-11,Directed,2422
irrenhaeusler,2007-11,Directed,2423
g2020,2007-11,Directed,2424
Kathleen0202,2007-11,Directed,2425
taysxiao,2007-11,Directed,2426
wellmobile,2007-11,Directed,2427
lizhiyong,2007-11,Directed,2428
coddy,2007-11,Directed,2429
sakuraski,2007-11,Directed,2430
mango_teng,2007-11,Directed,2431
ryunhe,2007-11,Directed,2432
noirz,2007-11,Directed,2433
kcome,2007-11,Directed,2434
hcql,2007-11,Directed,2435
zooropa,2007-11,Directed,2436
lixiaohong,2007-11,Directed,2437
BlackDream,2007-11,Directed,2438
xhat,2007-11,Directed,2439
KarenChristenze,2007-12,Directed,2440
tonytlwu,2007-12,Directed,2441
heidicats,2007-12,Directed,2442
gigix,2007-12,Directed,2443
DinChao,2007-12,Directed,2444
5-Mar,2007-12,Directed,2445
Thinkqob,2007-12,Directed,2446
reynoldqin,2007-12,Directed,2447
chengandpeng,2007-12,Directed,2448
makiwi,2007-12,Directed,2449
lbbmac,2007-12,Directed,2450
xiaoma,2007-12,Directed,2451
GuoTiantian,2007-12,Directed,2452
skywolf,2007-12,Directed,2453
lolica,2007-12,Directed,2454
nuannuanwang,2007-12,Directed,2455
mingxia,2007-12,Directed,2456
bg4kks,2007-12,Directed,2457
hiroshiyui,2007-12,Directed,2458
cxf,2007-12,Directed,2459
7_bao,2007-12,Directed,2460
Jonson1986,2007-12,Directed,2461
fajaven,2007-12,Directed,2462
caoanroad4800,2007-12,Directed,2463
jieyinger,2007-12,Directed,2464
zhongzichang,2007-12,Directed,2465
bluek,2007-12,Directed,2466
midpoint,2007-12,Directed,2467
sixthxenz,2007-12,Directed,2468
mmting,2007-12,Directed,2469
pengjay,2007-12,Directed,2470
free2,2007-12,Directed,2471
ruif,2007-12,Directed,2472
rainly,2007-12,Directed,2473
andone,2007-12,Directed,2474
Huaneg,2007-12,Directed,2475
xtremforce,2007-12,Directed,2476
ichinoseryo,2007-12,Directed,2477
tony0624,2007-12,Directed,2478
neveroddoreven,2007-12,Directed,2479
Pomin,2007-12,Directed,2480
feishuang,2007-12,Directed,2481
polly0079,2007-12,Directed,2482
lainuo,2007-12,Directed,2483
chrisoul,2007-12,Directed,2484
lightory,2007-12,Directed,2485
helloyeo,2007-12,Directed,2486
_niceboat,2007-12,Directed,2487
jnlin,2007-12,Directed,2488
joycce,2007-12,Directed,2489
JacquesChuang,2007-12,Directed,2490
wangfeng,2007-12,Directed,2491
cantchat,2007-12,Directed,2492
yingc,2007-12,Directed,2493
changtimwu,2007-12,Directed,2494
solidot,2007-12,Directed,2495
johnytyh,2007-12,Directed,2496
rfa,2007-12,Directed,2497
guxiaoqiang,2007-12,Directed,2498
jasonaxs,2007-12,Directed,2499
mandyolulu,2007-12,Directed,2500
slepher,2007-12,Directed,2501
hanaeric,2007-12,Directed,2502
rayche,2007-12,Directed,2503
myjoely,2007-12,Directed,2504
theliuyan,2007-12,Directed,2505
oneoo,2007-12,Directed,2506
LightGIS,2007-12,Directed,2507
wangqi,2007-12,Directed,2508
utom,2007-12,Directed,2509
superdont,2007-12,Directed,2510
Tearemix,2007-12,Directed,2511
bpmfhu,2007-12,Directed,2512
sillyshen,2007-12,Directed,2513
ruudl,2007-12,Directed,2514
failsafe,2007-12,Directed,2515
blueicesir,2007-12,Directed,2516
joehorn,2007-12,Directed,2517
joetsuihk,2007-12,Directed,2518
ocoh,2007-12,Directed,2519
ricky_zhu,2007-12,Directed,2520
hooman,2007-12,Directed,2521
yuguo,2007-12,Directed,2522
liuxingxp,2007-12,Directed,2523
tension,2007-12,Directed,2524
vvoody,2007-12,Directed,2525
demson,2007-12,Directed,2526
NibNehC,2007-12,Directed,2527
lyilei,2007-12,Directed,2528
mianco,2007-12,Directed,2529
tinkpad,2007-12,Directed,2530
liuchaoyang,2007-12,Directed,2531
mkevin,2007-12,Directed,2532
michaeldmanning,2007-12,Directed,2533
captain8299,2007-12,Directed,2534
ngn,2007-12,Directed,2535
wcam,2007-12,Directed,2536
codeYu,2007-12,Directed,2537
huans,2007-12,Directed,2538
haozi04,2007-12,Directed,2539
myhaha,2007-12,Directed,2540
ichada,2007-12,Directed,2541
wanglei,2007-12,Directed,2542
dedoli,2007-12,Directed,2543
sioksiok,2007-12,Directed,2544
hzq,2007-12,Directed,2545
dte565,2007-12,Directed,2546
freehaha,2007-12,Directed,2547
Funiculy,2007-12,Directed,2548
halfroom,2007-12,Directed,2549
zyxfsky,2007-12,Directed,2550
Photobluer,2007-12,Directed,2551
ahndy,2007-12,Directed,2552
colintsui,2007-12,Directed,2553
pingooo,2007-12,Directed,2554
felixding,2007-12,Directed,2555
likerally,2007-12,Directed,2556
ysblue89,2007-12,Directed,2557
chrisqie,2007-12,Directed,2558
leady,2007-12,Directed,2559
omom2002,2007-12,Directed,2560
pixelleo,2007-12,Directed,2561
tiansiyuan,2007-12,Directed,2562
haidong,2007-12,Directed,2563
yuezhanren,2007-12,Directed,2564
jarodwang,2007-12,Directed,2565
cyberscorpio,2007-12,Directed,2566
marvyn,2007-12,Directed,2567
charlesmok,2007-12,Directed,2568
jvar,2007-12,Directed,2569
coletree,2007-12,Directed,2570
raymondchenSH,2007-12,Directed,2571
zanetom,2007-12,Directed,2572
mytram,2007-12,Directed,2573
YancyChan,2007-12,Directed,2574
lessig,2007-12,Directed,2575
eongoo,2007-12,Directed,2576
LucasHsuan,2007-12,Directed,2577
yellowdiamond,2007-12,Directed,2578
jarlyyn,2007-12,Directed,2579
imapollo,2007-12,Directed,2580
YongYiHuang,2007-12,Directed,2581
sharpoo7,2007-12,Directed,2582
ansonling,2007-12,Directed,2583
sxhntj,2007-12,Directed,2584
cutsky,2007-12,Directed,2585
bbiao,2007-12,Directed,2586
fredhkw,2007-12,Directed,2587
zhangxu,2007-12,Directed,2588
sswv,2007-12,Directed,2589
pzgz,2007-12,Directed,2590
ming1016,2007-12,Directed,2591
doexcel,2007-12,Directed,2592
wiselysong,2007-12,Directed,2593
ultralib,2007-12,Directed,2594
simpleblue,2007-12,Directed,2595
sevenday,2007-12,Directed,2596
ConcreteVitamin,2007-12,Directed,2597
brahmantw,2007-12,Directed,2598
lxp121,2007-12,Directed,2599
fengyh1999,2007-12,Directed,2600
antingxu,2007-12,Directed,2601
duoduo,2007-12,Directed,2602
dongyangjushi,2007-12,Directed,2603
peiyuliu,2007-12,Directed,2604
flytwokites,2007-12,Directed,2605
bassliu,2007-12,Directed,2606
lafare,2007-12,Directed,2607
zhudong,2007-12,Directed,2608
nimontage,2007-12,Directed,2609
itswindtw,2007-12,Directed,2610
kzhr,2007-12,Directed,2611
raywang,2007-12,Directed,2612
sherlockq,2007-12,Directed,2613
sagebrennan,2007-12,Directed,2614
kelvinzhao,2007-12,Directed,2615
kiddsure,2007-12,Directed,2616
Yishuihan,2007-12,Directed,2617
superdhuang,2007-12,Directed,2618
jcms,2007-12,Directed,2619
fhtee,2007-12,Directed,2620
chzealot,2007-12,Directed,2621
ckizumi,2007-12,Directed,2622
blankyao,2007-12,Directed,2623
pandicn,2007-12,Directed,2624
simmmons,2007-12,Directed,2625
camphorball,2007-12,Directed,2626
joshuawang,2007-12,Directed,2627
laneser,2007-12,Directed,2628
comfill,2007-12,Directed,2629
blueshing,2007-12,Directed,2630
cyclamen,2007-12,Directed,2631
bookhotel,2007-12,Directed,2632
wuxing,2007-12,Directed,2633
nj_telecom,2007-12,Directed,2634
skyheming,2007-12,Directed,2635
mlsx,2007-12,Directed,2636
flcl13,2007-12,Directed,2637
lopor,2007-12,Directed,2638
buaaliyu,2007-12,Directed,2639
xmu,2007-12,Directed,2640
ipiscn,2007-12,Directed,2641
hqiu,2007-12,Directed,2642
ddwiki,2007-12,Directed,2643
gzdavidwong,2007-12,Directed,2644
ejan,2007-12,Directed,2645
msjoyceng,2007-12,Directed,2646
musicdt,2007-12,Directed,2647
nkchivas,2007-12,Directed,2648
flesh,2007-12,Directed,2649
blacktulip,2007-12,Directed,2650
Linuxtoy,2007-12,Directed,2651
sydaway,2007-12,Directed,2652
dark_moon,2007-12,Directed,2653
yuanhao,2007-12,Directed,2654
