Source,Target,Type
30,65,Directed
30,80,Directed
30,87,Directed
30,99,Directed
30,120,Directed
30,128,Directed
30,129,Directed
30,130,Directed
30,365,Directed
30,366,Directed
30,751,Directed
30,792,Directed
30,841,Directed
30,842,Directed
30,935,Directed
30,1420,Directed
30,1421,Directed
30,1424,Directed
30,1428,Directed
30,1430,Directed
30,1431,Directed
30,3057,Directed
30,3331,Directed
30,3539,Directed
30,3553,Directed
30,3904,Directed
30,3985,Directed
36,37,Directed
36,38,Directed
36,39,Directed
36,1776,Directed
36,3704,Directed
37,36,Directed
37,38,Directed
37,39,Directed
37,1942,Directed
37,1943,Directed
37,1944,Directed
37,1945,Directed
37,1946,Directed
37,3704,Directed
38,36,Directed
38,37,Directed
38,39,Directed
38,158,Directed
38,434,Directed
38,2968,Directed
38,3704,Directed
39,36,Directed
39,37,Directed
39,38,Directed
39,3704,Directed
41,109,Directed
41,429,Directed
41,962,Directed
41,1455,Directed
41,1456,Directed
41,1457,Directed
41,1458,Directed
41,1460,Directed
41,1462,Directed
41,1463,Directed
41,3505,Directed
41,3627,Directed
42,43,Directed
42,44,Directed
42,45,Directed
42,46,Directed
42,324,Directed
42,607,Directed
42,1907,Directed
42,2711,Directed
42,2715,Directed
42,3459,Directed
42,3472,Directed
42,3481,Directed
42,3915,Directed
43,42,Directed
43,44,Directed
43,45,Directed
43,46,Directed
43,965,Directed
43,966,Directed
43,2290,Directed
43,3467,Directed
43,3915,Directed
44,42,Directed
44,43,Directed
44,45,Directed
44,46,Directed
44,958,Directed
44,959,Directed
44,1091,Directed
44,1092,Directed
44,3915,Directed
44,3916,Directed
44,3917,Directed
44,3918,Directed
44,3919,Directed
45,42,Directed
45,43,Directed
45,44,Directed
45,46,Directed
45,123,Directed
45,215,Directed
45,324,Directed
45,607,Directed
45,822,Directed
45,851,Directed
45,958,Directed
45,959,Directed
45,965,Directed
45,966,Directed
45,1181,Directed
45,1208,Directed
45,3456,Directed
45,3457,Directed
45,3458,Directed
45,3459,Directed
45,3460,Directed
45,3461,Directed
45,3462,Directed
45,3463,Directed
45,3465,Directed
45,3466,Directed
45,3467,Directed
45,3468,Directed
45,3469,Directed
45,3470,Directed
45,3471,Directed
45,3472,Directed
45,3473,Directed
45,3474,Directed
45,3476,Directed
45,3477,Directed
45,3478,Directed
45,3479,Directed
45,3480,Directed
45,3481,Directed
45,3482,Directed
45,3483,Directed
45,3484,Directed
45,3796,Directed
45,3915,Directed
45,3917,Directed
46,42,Directed
46,43,Directed
46,44,Directed
46,45,Directed
46,3915,Directed
46,3918,Directed
47,59,Directed
47,114,Directed
47,137,Directed
47,181,Directed
47,235,Directed
47,236,Directed
47,314,Directed
47,380,Directed
47,474,Directed
47,535,Directed
47,536,Directed
47,550,Directed
47,691,Directed
47,692,Directed
47,693,Directed
47,694,Directed
47,695,Directed
47,701,Directed
47,742,Directed
47,795,Directed
47,826,Directed
47,833,Directed
47,834,Directed
47,835,Directed
47,947,Directed
47,948,Directed
47,2740,Directed
47,2741,Directed
47,2743,Directed
47,2744,Directed
47,2746,Directed
47,2747,Directed
47,2748,Directed
47,2750,Directed
47,2756,Directed
47,2757,Directed
47,2758,Directed
47,2759,Directed
47,2761,Directed
47,2762,Directed
47,2763,Directed
47,2764,Directed
47,2765,Directed
47,2766,Directed
47,2767,Directed
47,2768,Directed
47,2769,Directed
47,2770,Directed
47,2771,Directed
47,2772,Directed
47,2773,Directed
47,2774,Directed
47,2775,Directed
47,2776,Directed
47,2799,Directed
47,2847,Directed
47,3156,Directed
47,3163,Directed
47,3332,Directed
47,3495,Directed
47,3677,Directed
47,3823,Directed
47,3839,Directed
48,86,Directed
48,109,Directed
48,134,Directed
48,164,Directed
48,245,Directed
48,429,Directed
48,542,Directed
48,963,Directed
48,1621,Directed
48,1622,Directed
48,1623,Directed
48,1624,Directed
48,1625,Directed
48,1626,Directed
48,1627,Directed
48,1628,Directed
48,1629,Directed
48,1630,Directed
48,1631,Directed
48,1632,Directed
48,1633,Directed
48,1635,Directed
48,1636,Directed
48,1637,Directed
48,1640,Directed
48,1641,Directed
48,1642,Directed
48,1643,Directed
48,2856,Directed
48,3506,Directed
48,3974,Directed
53,54,Directed
53,223,Directed
53,231,Directed
53,232,Directed
53,322,Directed
53,325,Directed
53,385,Directed
53,814,Directed
53,1130,Directed
53,3076,Directed
53,3078,Directed
53,3079,Directed
53,3080,Directed
53,3081,Directed
53,3082,Directed
53,3084,Directed
53,3085,Directed
53,3514,Directed
53,3896,Directed
54,53,Directed
54,55,Directed
54,185,Directed
54,223,Directed
54,231,Directed
54,232,Directed
54,327,Directed
54,385,Directed
54,386,Directed
54,426,Directed
54,736,Directed
54,814,Directed
54,1033,Directed
54,1034,Directed
54,1242,Directed
54,1719,Directed
54,1726,Directed
54,1727,Directed
54,1729,Directed
54,1730,Directed
54,1731,Directed
54,1734,Directed
54,1735,Directed
54,1736,Directed
54,1737,Directed
54,1739,Directed
54,1741,Directed
54,1743,Directed
54,2000,Directed
54,2099,Directed
54,2722,Directed
54,2792,Directed
54,3023,Directed
54,3025,Directed
54,3027,Directed
54,3080,Directed
54,3158,Directed
54,3514,Directed
54,3860,Directed
54,3896,Directed
55,54,Directed
55,77,Directed
55,78,Directed
55,292,Directed
55,311,Directed
55,312,Directed
55,374,Directed
55,375,Directed
55,376,Directed
55,405,Directed
55,406,Directed
55,414,Directed
55,555,Directed
55,556,Directed
55,557,Directed
55,558,Directed
55,559,Directed
55,560,Directed
55,817,Directed
55,818,Directed
55,819,Directed
55,820,Directed
55,822,Directed
55,888,Directed
55,889,Directed
55,1990,Directed
55,1992,Directed
55,1994,Directed
55,1996,Directed
55,1998,Directed
55,2000,Directed
55,2004,Directed
55,2005,Directed
55,2008,Directed
55,2009,Directed
55,2010,Directed
55,2011,Directed
55,2012,Directed
55,2015,Directed
55,2016,Directed
55,2017,Directed
55,2018,Directed
55,2019,Directed
55,2021,Directed
55,2023,Directed
55,2024,Directed
55,2025,Directed
55,2026,Directed
55,2027,Directed
55,2028,Directed
55,2029,Directed
55,2030,Directed
55,2049,Directed
55,2127,Directed
55,2214,Directed
55,2904,Directed
55,2985,Directed
55,3306,Directed
55,3555,Directed
55,3712,Directed
55,3795,Directed
55,3798,Directed
55,3799,Directed
55,3800,Directed
55,3821,Directed
55,3844,Directed
59,47,Directed
59,114,Directed
59,137,Directed
59,139,Directed
59,192,Directed
59,200,Directed
59,202,Directed
59,203,Directed
59,224,Directed
59,252,Directed
59,253,Directed
59,314,Directed
59,474,Directed
59,634,Directed
59,701,Directed
59,748,Directed
59,1025,Directed
59,1065,Directed
59,1066,Directed
59,1067,Directed
59,1068,Directed
59,1069,Directed
59,1070,Directed
59,3266,Directed
59,3268,Directed
59,3271,Directed
59,3274,Directed
59,3317,Directed
59,3357,Directed
59,3677,Directed
59,3852,Directed
59,3957,Directed
62,63,Directed
62,3571,Directed
63,62,Directed
63,209,Directed
63,779,Directed
63,953,Directed
63,3571,Directed
63,3572,Directed
63,3574,Directed
63,3576,Directed
63,3577,Directed
63,3578,Directed
63,3952,Directed
63,3981,Directed
65,30,Directed
65,79,Directed
65,80,Directed
65,87,Directed
65,411,Directed
65,637,Directed
65,786,Directed
65,841,Directed
65,842,Directed
65,2544,Directed
65,2547,Directed
65,2548,Directed
65,2549,Directed
65,2550,Directed
65,2551,Directed
65,2554,Directed
65,2555,Directed
65,3406,Directed
65,3904,Directed
65,3983,Directed
65,3984,Directed
68,69,Directed
68,70,Directed
68,98,Directed
68,158,Directed
68,235,Directed
68,245,Directed
68,661,Directed
68,664,Directed
68,751,Directed
68,1061,Directed
68,1238,Directed
68,1512,Directed
68,1513,Directed
68,1514,Directed
68,1515,Directed
68,1516,Directed
68,1518,Directed
68,1521,Directed
68,1522,Directed
68,1533,Directed
68,2625,Directed
68,3168,Directed
68,3344,Directed
68,3567,Directed
69,68,Directed
69,70,Directed
69,3168,Directed
70,68,Directed
70,69,Directed
70,76,Directed
70,87,Directed
70,384,Directed
70,736,Directed
70,887,Directed
70,919,Directed
70,3168,Directed
70,3169,Directed
70,3170,Directed
70,3171,Directed
70,3172,Directed
70,3173,Directed
70,3174,Directed
70,3175,Directed
70,3176,Directed
70,3177,Directed
70,3179,Directed
70,3180,Directed
70,3181,Directed
70,3182,Directed
70,3183,Directed
70,3184,Directed
70,3185,Directed
70,3186,Directed
70,3187,Directed
70,3188,Directed
70,3220,Directed
74,290,Directed
74,306,Directed
74,1148,Directed
74,3656,Directed
74,3657,Directed
74,3658,Directed
74,3659,Directed
74,3660,Directed
76,70,Directed
76,3170,Directed
77,55,Directed
77,78,Directed
77,3712,Directed
78,55,Directed
78,77,Directed
78,327,Directed
78,328,Directed
78,3712,Directed
78,3713,Directed
78,3714,Directed
79,65,Directed
79,80,Directed
79,177,Directed
79,3371,Directed
79,3372,Directed
79,3983,Directed
80,30,Directed
80,65,Directed
80,79,Directed
80,87,Directed
80,99,Directed
80,365,Directed
80,366,Directed
80,960,Directed
80,3983,Directed
80,3984,Directed
80,3985,Directed
80,3986,Directed
81,369,Directed
81,468,Directed
81,527,Directed
81,570,Directed
81,765,Directed
81,766,Directed
81,767,Directed
81,969,Directed
81,1003,Directed
81,1012,Directed
81,1245,Directed
81,1303,Directed
81,1304,Directed
81,1305,Directed
81,2911,Directed
81,2912,Directed
81,2913,Directed
81,2914,Directed
81,2915,Directed
81,2916,Directed
81,2918,Directed
81,2919,Directed
81,2920,Directed
81,2922,Directed
81,2923,Directed
81,2924,Directed
81,2925,Directed
81,2926,Directed
81,2927,Directed
81,2928,Directed
81,2929,Directed
81,2930,Directed
81,2931,Directed
81,2932,Directed
81,2934,Directed
81,3402,Directed
81,3488,Directed
81,3905,Directed
86,48,Directed
86,109,Directed
86,164,Directed
86,429,Directed
86,523,Directed
86,524,Directed
86,585,Directed
86,897,Directed
86,2418,Directed
86,2419,Directed
86,2420,Directed
86,2421,Directed
86,2422,Directed
86,2423,Directed
86,2424,Directed
86,2427,Directed
86,3073,Directed
86,3974,Directed
87,30,Directed
87,65,Directed
87,70,Directed
87,80,Directed
87,99,Directed
87,133,Directed
87,224,Directed
87,236,Directed
87,365,Directed
87,366,Directed
87,384,Directed
87,540,Directed
87,541,Directed
87,667,Directed
87,668,Directed
87,669,Directed
87,687,Directed
87,736,Directed
87,887,Directed
87,919,Directed
87,996,Directed
87,1027,Directed
87,1040,Directed
87,1232,Directed
87,2055,Directed
87,2057,Directed
87,2059,Directed
87,2063,Directed
87,2065,Directed
87,2069,Directed
87,2073,Directed
87,2074,Directed
87,2075,Directed
87,2076,Directed
87,2080,Directed
87,2081,Directed
87,2254,Directed
87,2555,Directed
87,2576,Directed
87,2635,Directed
87,2979,Directed
87,2980,Directed
87,2983,Directed
87,2984,Directed
87,3180,Directed
87,3220,Directed
87,3429,Directed
87,3702,Directed
87,3928,Directed
87,3930,Directed
87,3985,Directed
98,68,Directed
98,1533,Directed
99,30,Directed
99,80,Directed
99,87,Directed
99,100,Directed
99,128,Directed
99,129,Directed
99,239,Directed
99,365,Directed
99,366,Directed
99,448,Directed
99,3063,Directed
99,3064,Directed
99,3065,Directed
99,3066,Directed
99,3067,Directed
99,3069,Directed
99,3553,Directed
99,3678,Directed
99,3735,Directed
99,3985,Directed
100,99,Directed
100,3678,Directed
100,3679,Directed
101,146,Directed
101,1051,Directed
101,2614,Directed
101,2616,Directed
101,3560,Directed
109,41,Directed
109,48,Directed
109,86,Directed
109,164,Directed
109,429,Directed
109,1020,Directed
109,3623,Directed
109,3624,Directed
109,3626,Directed
109,3627,Directed
109,3974,Directed
110,327,Directed
110,685,Directed
110,686,Directed
110,977,Directed
110,978,Directed
110,979,Directed
110,980,Directed
110,2812,Directed
110,2813,Directed
110,2814,Directed
110,2815,Directed
110,2816,Directed
110,2818,Directed
110,3943,Directed
112,113,Directed
112,114,Directed
112,115,Directed
112,116,Directed
112,117,Directed
112,118,Directed
112,3780,Directed
113,112,Directed
113,114,Directed
113,115,Directed
113,116,Directed
113,117,Directed
113,118,Directed
113,1361,Directed
113,2309,Directed
113,3780,Directed
114,47,Directed
114,59,Directed
114,112,Directed
114,113,Directed
114,115,Directed
114,116,Directed
114,117,Directed
114,118,Directed
114,137,Directed
114,155,Directed
114,156,Directed
114,181,Directed
114,197,Directed
114,199,Directed
114,200,Directed
114,201,Directed
114,224,Directed
114,248,Directed
114,323,Directed
114,334,Directed
114,384,Directed
114,473,Directed
114,474,Directed
114,475,Directed
114,476,Directed
114,477,Directed
114,478,Directed
114,479,Directed
114,485,Directed
114,634,Directed
114,692,Directed
114,775,Directed
114,784,Directed
114,785,Directed
114,794,Directed
114,795,Directed
114,912,Directed
114,968,Directed
114,1050,Directed
114,1065,Directed
114,1066,Directed
114,1067,Directed
114,1068,Directed
114,1069,Directed
114,1070,Directed
114,1132,Directed
114,1152,Directed
114,1153,Directed
114,1306,Directed
114,1307,Directed
114,1868,Directed
114,1869,Directed
114,1871,Directed
114,1875,Directed
114,1879,Directed
114,1880,Directed
114,1883,Directed
114,1884,Directed
114,1886,Directed
114,1887,Directed
114,1888,Directed
114,1894,Directed
114,1896,Directed
114,2309,Directed
114,2441,Directed
114,2809,Directed
114,2840,Directed
114,2842,Directed
114,3160,Directed
114,3204,Directed
114,3249,Directed
114,3250,Directed
114,3251,Directed
114,3335,Directed
114,3446,Directed
114,3522,Directed
114,3580,Directed
114,3709,Directed
114,3720,Directed
114,3780,Directed
114,3781,Directed
114,3782,Directed
114,3823,Directed
114,3957,Directed
115,112,Directed
115,113,Directed
115,114,Directed
115,116,Directed
115,117,Directed
115,118,Directed
115,3780,Directed
116,112,Directed
116,113,Directed
116,114,Directed
116,115,Directed
116,117,Directed
116,118,Directed
116,3780,Directed
117,112,Directed
117,113,Directed
117,114,Directed
117,115,Directed
117,116,Directed
117,118,Directed
117,119,Directed
117,137,Directed
117,139,Directed
117,197,Directed
117,199,Directed
117,201,Directed
117,225,Directed
117,237,Directed
117,248,Directed
117,249,Directed
117,384,Directed
117,470,Directed
117,472,Directed
117,476,Directed
117,480,Directed
117,481,Directed
117,482,Directed
117,483,Directed
117,484,Directed
117,670,Directed
117,671,Directed
117,2306,Directed
117,2307,Directed
117,2309,Directed
117,3159,Directed
117,3162,Directed
117,3246,Directed
117,3248,Directed
117,3390,Directed
117,3523,Directed
117,3780,Directed
118,112,Directed
118,113,Directed
118,114,Directed
118,115,Directed
118,116,Directed
118,117,Directed
118,784,Directed
118,785,Directed
118,912,Directed
118,3780,Directed
118,3781,Directed
118,3782,Directed
119,117,Directed
119,132,Directed
119,224,Directed
119,225,Directed
119,1554,Directed
119,2437,Directed
119,3159,Directed
119,3662,Directed
120,30,Directed
120,121,Directed
120,122,Directed
120,123,Directed
120,124,Directed
120,130,Directed
120,466,Directed
120,467,Directed
120,1080,Directed
120,1081,Directed
120,1082,Directed
120,1442,Directed
120,1443,Directed
120,2105,Directed
120,2120,Directed
120,2565,Directed
120,3539,Directed
121,120,Directed
121,122,Directed
121,123,Directed
121,124,Directed
121,125,Directed
121,1491,Directed
121,1492,Directed
121,2507,Directed
121,2565,Directed
122,120,Directed
122,121,Directed
122,123,Directed
122,124,Directed
122,305,Directed
122,1227,Directed
122,1228,Directed
122,1935,Directed
122,1936,Directed
122,1937,Directed
122,1939,Directed
122,2285,Directed
122,2565,Directed
122,2685,Directed
123,45,Directed
123,120,Directed
123,121,Directed
123,122,Directed
123,124,Directed
123,2560,Directed
123,2561,Directed
123,2565,Directed
123,3470,Directed
124,120,Directed
124,121,Directed
124,122,Directed
124,123,Directed
124,2565,Directed
125,121,Directed
125,126,Directed
125,127,Directed
125,2507,Directed
125,2509,Directed
125,2510,Directed
125,2511,Directed
125,2512,Directed
125,2513,Directed
125,2514,Directed
125,2566,Directed
126,125,Directed
126,127,Directed
126,1329,Directed
126,2566,Directed
127,125,Directed
127,126,Directed
127,2566,Directed
128,30,Directed
128,99,Directed
128,129,Directed
128,2525,Directed
128,3553,Directed
129,30,Directed
129,99,Directed
129,128,Directed
129,3553,Directed
130,30,Directed
130,120,Directed
130,189,Directed
130,643,Directed
130,644,Directed
130,645,Directed
130,930,Directed
130,3539,Directed
130,3540,Directed
130,3542,Directed
130,3543,Directed
130,3544,Directed
130,3545,Directed
130,3546,Directed
130,3547,Directed
130,3554,Directed
131,222,Directed
131,3793,Directed
131,3794,Directed
132,119,Directed
132,3662,Directed
132,3663,Directed
132,3664,Directed
133,87,Directed
133,236,Directed
133,3699,Directed
133,3700,Directed
133,3701,Directed
133,3702,Directed
134,48,Directed
134,1623,Directed
136,137,Directed
136,138,Directed
136,139,Directed
136,140,Directed
136,3631,Directed
137,47,Directed
137,59,Directed
137,114,Directed
137,117,Directed
137,136,Directed
137,138,Directed
137,139,Directed
137,140,Directed
137,154,Directed
137,155,Directed
137,156,Directed
137,197,Directed
137,198,Directed
137,200,Directed
137,202,Directed
137,203,Directed
137,224,Directed
137,248,Directed
137,249,Directed
137,314,Directed
137,474,Directed
137,497,Directed
137,634,Directed
137,701,Directed
137,1065,Directed
137,1066,Directed
137,1067,Directed
137,1068,Directed
137,1069,Directed
137,1070,Directed
137,1663,Directed
137,1669,Directed
137,1671,Directed
137,1673,Directed
137,1676,Directed
137,1677,Directed
137,2253,Directed
137,2840,Directed
137,2899,Directed
137,3246,Directed
137,3251,Directed
137,3278,Directed
137,3397,Directed
137,3492,Directed
137,3631,Directed
137,3677,Directed
137,3708,Directed
137,3852,Directed
137,3957,Directed
138,136,Directed
138,137,Directed
138,139,Directed
138,140,Directed
138,3631,Directed
139,59,Directed
139,117,Directed
139,136,Directed
139,137,Directed
139,138,Directed
139,140,Directed
139,155,Directed
139,191,Directed
139,202,Directed
139,203,Directed
139,248,Directed
139,634,Directed
139,790,Directed
139,810,Directed
139,941,Directed
139,942,Directed
139,943,Directed
139,944,Directed
139,1067,Directed
139,1070,Directed
139,3388,Directed
139,3390,Directed
139,3391,Directed
139,3392,Directed
139,3393,Directed
139,3395,Directed
139,3396,Directed
139,3397,Directed
139,3398,Directed
139,3631,Directed
139,3806,Directed
139,3852,Directed
140,136,Directed
140,137,Directed
140,138,Directed
140,139,Directed
140,367,Directed
140,390,Directed
140,605,Directed
140,736,Directed
140,1221,Directed
140,3631,Directed
140,3632,Directed
140,3633,Directed
140,3634,Directed
140,3635,Directed
140,3636,Directed
140,3637,Directed
146,101,Directed
146,147,Directed
146,401,Directed
146,702,Directed
146,703,Directed
146,704,Directed
146,709,Directed
146,1051,Directed
146,2619,Directed
146,2622,Directed
146,2623,Directed
146,3143,Directed
146,3560,Directed
146,3792,Directed
146,3964,Directed
147,146,Directed
147,3964,Directed
154,137,Directed
154,155,Directed
154,156,Directed
154,1529,Directed
154,3708,Directed
155,114,Directed
155,137,Directed
155,139,Directed
155,154,Directed
155,156,Directed
155,197,Directed
155,384,Directed
155,692,Directed
155,784,Directed
155,785,Directed
155,794,Directed
155,795,Directed
155,1152,Directed
155,1153,Directed
155,2834,Directed
155,2835,Directed
155,2836,Directed
155,2838,Directed
155,2840,Directed
155,2842,Directed
155,3250,Directed
155,3396,Directed
155,3580,Directed
155,3708,Directed
156,114,Directed
156,137,Directed
156,154,Directed
156,155,Directed
156,3708,Directed
156,3709,Directed
157,158,Directed
157,2966,Directed
158,38,Directed
158,68,Directed
158,157,Directed
158,245,Directed
158,434,Directed
158,751,Directed
158,1061,Directed
158,2966,Directed
158,2967,Directed
158,2968,Directed
158,3567,Directed
164,48,Directed
164,86,Directed
164,109,Directed
164,429,Directed
164,3972,Directed
164,3973,Directed
164,3974,Directed
164,3975,Directed
164,3976,Directed
165,166,Directed
165,167,Directed
165,424,Directed
165,425,Directed
165,607,Directed
165,2850,Directed
165,3192,Directed
165,3851,Directed
166,165,Directed
166,167,Directed
166,3192,Directed
167,165,Directed
167,166,Directed
167,3192,Directed
177,79,Directed
177,2504,Directed
177,2506,Directed
177,3371,Directed
180,185,Directed
180,2867,Directed
180,2868,Directed
180,2869,Directed
180,2870,Directed
181,47,Directed
181,114,Directed
181,681,Directed
181,775,Directed
181,985,Directed
181,1089,Directed
181,3823,Directed
181,3824,Directed
184,185,Directed
184,186,Directed
184,2971,Directed
185,54,Directed
185,180,Directed
185,184,Directed
185,186,Directed
185,545,Directed
185,880,Directed
185,2722,Directed
185,2724,Directed
185,2727,Directed
185,2730,Directed
185,2731,Directed
185,2732,Directed
185,2870,Directed
185,2971,Directed
185,2974,Directed
185,2975,Directed
185,2976,Directed
185,3427,Directed
186,184,Directed
186,185,Directed
186,545,Directed
186,2971,Directed
186,2972,Directed
186,2973,Directed
186,2974,Directed
186,2975,Directed
186,2976,Directed
186,2977,Directed
187,188,Directed
187,189,Directed
187,411,Directed
187,415,Directed
187,772,Directed
187,838,Directed
187,853,Directed
187,961,Directed
187,2462,Directed
187,3120,Directed
187,3189,Directed
187,3581,Directed
187,3921,Directed
188,187,Directed
188,189,Directed
188,3189,Directed
189,130,Directed
189,187,Directed
189,188,Directed
189,643,Directed
189,644,Directed
189,645,Directed
189,1002,Directed
189,3189,Directed
189,3191,Directed
189,3554,Directed
191,139,Directed
191,192,Directed
191,248,Directed
191,634,Directed
191,790,Directed
191,941,Directed
191,942,Directed
191,943,Directed
191,944,Directed
191,3356,Directed
191,3806,Directed
192,59,Directed
192,191,Directed
192,748,Directed
192,3356,Directed
192,3357,Directed
197,114,Directed
197,117,Directed
197,137,Directed
197,155,Directed
197,198,Directed
197,199,Directed
197,224,Directed
197,248,Directed
197,249,Directed
197,334,Directed
197,384,Directed
197,485,Directed
197,784,Directed
197,785,Directed
197,794,Directed
197,795,Directed
197,3246,Directed
197,3248,Directed
197,3249,Directed
197,3250,Directed
197,3251,Directed
197,3252,Directed
197,3278,Directed
197,3335,Directed
198,137,Directed
198,197,Directed
198,3278,Directed
199,114,Directed
199,117,Directed
199,197,Directed
199,200,Directed
199,201,Directed
199,364,Directed
199,384,Directed
199,868,Directed
199,3160,Directed
199,3161,Directed
199,3248,Directed
199,3292,Directed
200,59,Directed
200,114,Directed
200,137,Directed
200,199,Directed
200,201,Directed
200,252,Directed
200,253,Directed
200,1025,Directed
200,2896,Directed
200,2899,Directed
200,3160,Directed
200,3268,Directed
200,3317,Directed
201,114,Directed
201,117,Directed
201,199,Directed
201,200,Directed
201,237,Directed
201,670,Directed
201,671,Directed
201,3160,Directed
201,3161,Directed
201,3162,Directed
202,59,Directed
202,137,Directed
202,139,Directed
202,203,Directed
202,2244,Directed
202,2245,Directed
202,2246,Directed
202,2247,Directed
202,2248,Directed
202,2249,Directed
202,2250,Directed
202,2251,Directed
202,2252,Directed
202,2253,Directed
202,3852,Directed
203,59,Directed
203,137,Directed
203,139,Directed
203,202,Directed
203,563,Directed
203,1099,Directed
203,1100,Directed
203,1101,Directed
203,1102,Directed
203,3852,Directed
203,3853,Directed
203,3854,Directed
203,3855,Directed
208,209,Directed
208,1687,Directed
208,1688,Directed
208,1689,Directed
208,1690,Directed
208,1691,Directed
208,1692,Directed
208,1693,Directed
208,1694,Directed
208,1696,Directed
208,1697,Directed
208,1698,Directed
208,1699,Directed
208,3951,Directed
209,63,Directed
209,208,Directed
209,3951,Directed
209,3952,Directed
210,211,Directed
210,212,Directed
210,213,Directed
210,316,Directed
210,317,Directed
210,2569,Directed
210,3638,Directed
211,210,Directed
211,212,Directed
211,213,Directed
211,2206,Directed
211,3638,Directed
212,210,Directed
212,211,Directed
212,213,Directed
212,3638,Directed
213,210,Directed
213,211,Directed
213,212,Directed
213,364,Directed
213,602,Directed
213,3638,Directed
213,3639,Directed
213,3640,Directed
213,3641,Directed
213,3642,Directed
213,3643,Directed
213,3644,Directed
213,3645,Directed
213,3646,Directed
213,3647,Directed
213,3648,Directed
213,3649,Directed
213,3650,Directed
215,45,Directed
215,3151,Directed
215,3152,Directed
215,3155,Directed
215,3463,Directed
215,3466,Directed
216,217,Directed
216,218,Directed
216,266,Directed
216,272,Directed
216,974,Directed
216,975,Directed
216,976,Directed
216,2585,Directed
216,3283,Directed
216,3749,Directed
217,216,Directed
217,218,Directed
217,814,Directed
217,3749,Directed
217,3897,Directed
218,216,Directed
218,217,Directed
218,3749,Directed
219,220,Directed
219,1524,Directed
219,1525,Directed
219,1526,Directed
219,1527,Directed
219,2182,Directed
220,219,Directed
220,270,Directed
220,384,Directed
220,527,Directed
220,689,Directed
220,2182,Directed
220,2184,Directed
220,2185,Directed
220,2186,Directed
220,2187,Directed
220,2190,Directed
220,2191,Directed
220,2192,Directed
220,2193,Directed
220,2194,Directed
220,2195,Directed
220,2197,Directed
220,2198,Directed
220,2335,Directed
220,3070,Directed
220,3074,Directed
220,3145,Directed
222,131,Directed
222,277,Directed
222,283,Directed
222,284,Directed
222,285,Directed
222,286,Directed
222,287,Directed
222,743,Directed
222,744,Directed
222,745,Directed
222,746,Directed
222,747,Directed
222,3234,Directed
222,3235,Directed
222,3236,Directed
222,3237,Directed
222,3794,Directed
222,3805,Directed
223,53,Directed
223,54,Directed
223,231,Directed
223,232,Directed
223,302,Directed
223,464,Directed
223,1130,Directed
223,1174,Directed
223,3016,Directed
223,3019,Directed
223,3020,Directed
223,3021,Directed
223,3022,Directed
223,3023,Directed
223,3024,Directed
223,3025,Directed
223,3027,Directed
223,3028,Directed
223,3031,Directed
223,3032,Directed
223,3033,Directed
223,3085,Directed
223,3086,Directed
223,3514,Directed
223,3833,Directed
223,3834,Directed
224,59,Directed
224,87,Directed
224,114,Directed
224,119,Directed
224,137,Directed
224,197,Directed
224,334,Directed
224,541,Directed
224,634,Directed
224,775,Directed
224,1065,Directed
224,1066,Directed
224,1067,Directed
224,1068,Directed
224,1069,Directed
224,1070,Directed
224,2437,Directed
224,2439,Directed
224,2441,Directed
224,2444,Directed
224,2983,Directed
224,3335,Directed
224,3440,Directed
224,3957,Directed
225,117,Directed
225,119,Directed
225,3159,Directed
226,402,Directed
226,574,Directed
226,3810,Directed
226,3811,Directed
226,3812,Directed
227,228,Directed
227,229,Directed
227,742,Directed
227,769,Directed
227,770,Directed
227,771,Directed
227,772,Directed
227,773,Directed
227,774,Directed
227,2568,Directed
227,3285,Directed
227,3895,Directed
228,227,Directed
228,229,Directed
228,2568,Directed
229,227,Directed
229,228,Directed
229,2568,Directed
231,53,Directed
231,54,Directed
231,223,Directed
231,232,Directed
231,3514,Directed
232,53,Directed
232,54,Directed
232,223,Directed
232,231,Directed
232,3514,Directed
235,47,Directed
235,68,Directed
235,236,Directed
235,245,Directed
235,661,Directed
235,3343,Directed
235,3344,Directed
235,3345,Directed
235,3495,Directed
236,47,Directed
236,87,Directed
236,133,Directed
236,235,Directed
236,280,Directed
236,663,Directed
236,778,Directed
236,779,Directed
236,3495,Directed
236,3496,Directed
236,3498,Directed
236,3499,Directed
236,3500,Directed
236,3501,Directed
236,3702,Directed
236,3980,Directed
237,117,Directed
237,201,Directed
237,670,Directed
237,671,Directed
237,3051,Directed
237,3052,Directed
237,3054,Directed
237,3162,Directed
238,239,Directed
238,2483,Directed
238,3728,Directed
239,99,Directed
239,238,Directed
239,446,Directed
239,447,Directed
239,466,Directed
239,467,Directed
239,486,Directed
239,3728,Directed
239,3729,Directed
239,3730,Directed
239,3731,Directed
239,3732,Directed
239,3733,Directed
239,3734,Directed
239,3735,Directed
239,3736,Directed
245,48,Directed
245,68,Directed
245,158,Directed
245,235,Directed
245,751,Directed
245,1061,Directed
245,2856,Directed
245,2857,Directed
245,2858,Directed
245,3343,Directed
245,3567,Directed
248,114,Directed
248,117,Directed
248,137,Directed
248,139,Directed
248,191,Directed
248,197,Directed
248,249,Directed
248,485,Directed
248,634,Directed
248,790,Directed
248,941,Directed
248,942,Directed
248,943,Directed
248,944,Directed
248,2157,Directed
248,3246,Directed
248,3249,Directed
248,3806,Directed
249,117,Directed
249,137,Directed
249,197,Directed
249,248,Directed
249,3246,Directed
252,59,Directed
252,200,Directed
252,253,Directed
252,3268,Directed
253,59,Directed
253,200,Directed
253,252,Directed
253,3268,Directed
266,216,Directed
266,272,Directed
266,974,Directed
266,975,Directed
266,976,Directed
266,3035,Directed
266,3036,Directed
266,3037,Directed
266,3038,Directed
266,3039,Directed
266,3040,Directed
266,3283,Directed
270,220,Directed
270,342,Directed
270,3145,Directed
270,3146,Directed
270,3147,Directed
272,216,Directed
272,266,Directed
272,974,Directed
272,975,Directed
272,976,Directed
272,3087,Directed
272,3283,Directed
277,222,Directed
277,743,Directed
277,744,Directed
277,745,Directed
277,746,Directed
277,747,Directed
277,3229,Directed
277,3231,Directed
277,3232,Directed
277,3805,Directed
280,236,Directed
280,663,Directed
280,2468,Directed
280,2469,Directed
280,2471,Directed
280,3496,Directed
282,607,Directed
282,1338,Directed
282,1339,Directed
282,2851,Directed
283,222,Directed
283,284,Directed
283,285,Directed
283,286,Directed
283,3236,Directed
284,222,Directed
284,283,Directed
284,285,Directed
284,286,Directed
284,3236,Directed
285,222,Directed
285,283,Directed
285,284,Directed
285,286,Directed
285,287,Directed
285,294,Directed
285,909,Directed
285,2136,Directed
285,2137,Directed
285,2139,Directed
285,2140,Directed
285,2141,Directed
285,3142,Directed
285,3236,Directed
285,3237,Directed
285,3892,Directed
286,222,Directed
286,283,Directed
286,284,Directed
286,285,Directed
286,287,Directed
286,3236,Directed
286,3237,Directed
287,222,Directed
287,285,Directed
287,286,Directed
287,453,Directed
287,454,Directed
287,455,Directed
287,456,Directed
287,457,Directed
287,3237,Directed
287,3842,Directed
288,289,Directed
288,290,Directed
288,291,Directed
288,292,Directed
288,293,Directed
288,3831,Directed
289,288,Directed
289,290,Directed
289,291,Directed
289,292,Directed
289,293,Directed
289,3831,Directed
290,74,Directed
290,288,Directed
290,289,Directed
290,291,Directed
290,292,Directed
290,293,Directed
290,306,Directed
290,3222,Directed
290,3224,Directed
290,3657,Directed
290,3831,Directed
291,288,Directed
291,289,Directed
291,290,Directed
291,292,Directed
291,293,Directed
291,3831,Directed
292,55,Directed
292,288,Directed
292,289,Directed
292,290,Directed
292,291,Directed
292,293,Directed
292,310,Directed
292,311,Directed
292,312,Directed
292,3675,Directed
292,3831,Directed
292,3844,Directed
293,288,Directed
293,289,Directed
293,290,Directed
293,291,Directed
293,292,Directed
293,3831,Directed
294,285,Directed
294,3892,Directed
301,302,Directed
301,303,Directed
301,304,Directed
301,3759,Directed
302,223,Directed
302,301,Directed
302,303,Directed
302,304,Directed
302,401,Directed
302,402,Directed
302,403,Directed
302,404,Directed
302,716,Directed
302,2169,Directed
302,2171,Directed
302,2172,Directed
302,2173,Directed
302,2174,Directed
302,2176,Directed
302,2177,Directed
302,2705,Directed
302,3020,Directed
302,3599,Directed
302,3759,Directed
303,301,Directed
303,302,Directed
303,304,Directed
303,3759,Directed
304,301,Directed
304,302,Directed
304,303,Directed
304,3759,Directed
305,122,Directed
305,2285,Directed
306,74,Directed
306,290,Directed
306,307,Directed
306,313,Directed
306,407,Directed
306,408,Directed
306,409,Directed
306,2199,Directed
306,2203,Directed
306,2651,Directed
306,2652,Directed
306,3403,Directed
306,3657,Directed
307,306,Directed
307,2651,Directed
307,2652,Directed
310,292,Directed
310,3675,Directed
311,55,Directed
311,292,Directed
311,312,Directed
311,3844,Directed
312,55,Directed
312,292,Directed
312,311,Directed
312,3844,Directed
313,306,Directed
313,3403,Directed
314,47,Directed
314,59,Directed
314,137,Directed
314,474,Directed
314,497,Directed
314,701,Directed
314,2824,Directed
314,2827,Directed
314,3492,Directed
314,3677,Directed
316,210,Directed
316,317,Directed
316,2569,Directed
317,210,Directed
317,316,Directed
317,2569,Directed
322,53,Directed
322,1955,Directed
322,3078,Directed
323,114,Directed
323,3521,Directed
323,3522,Directed
324,42,Directed
324,45,Directed
324,1208,Directed
324,2711,Directed
324,2715,Directed
324,2716,Directed
324,3459,Directed
324,3473,Directed
324,3480,Directed
324,3481,Directed
325,53,Directed
325,341,Directed
325,441,Directed
325,454,Directed
325,872,Directed
325,873,Directed
325,874,Directed
325,875,Directed
325,876,Directed
325,877,Directed
325,878,Directed
325,1750,Directed
325,1752,Directed
325,1753,Directed
325,1754,Directed
325,1755,Directed
325,1756,Directed
325,1757,Directed
325,1758,Directed
325,1759,Directed
325,1760,Directed
325,1761,Directed
325,1763,Directed
325,1764,Directed
325,3079,Directed
325,3958,Directed
327,54,Directed
327,78,Directed
327,110,Directed
327,328,Directed
327,685,Directed
327,1541,Directed
327,1727,Directed
327,2816,Directed
327,2818,Directed
327,3713,Directed
328,78,Directed
328,327,Directed
328,552,Directed
328,553,Directed
328,554,Directed
328,1548,Directed
328,3713,Directed
328,3913,Directed
331,332,Directed
331,2380,Directed
331,2601,Directed
332,331,Directed
332,634,Directed
332,1047,Directed
332,1048,Directed
332,1078,Directed
332,2601,Directed
332,2602,Directed
332,2604,Directed
332,2606,Directed
332,2607,Directed
332,3743,Directed
332,3893,Directed
334,114,Directed
334,197,Directed
334,224,Directed
334,3335,Directed
340,341,Directed
340,858,Directed
340,2328,Directed
340,2330,Directed
340,3210,Directed
340,3315,Directed
341,325,Directed
341,340,Directed
341,454,Directed
341,872,Directed
341,873,Directed
341,874,Directed
341,875,Directed
341,876,Directed
341,877,Directed
341,878,Directed
341,3315,Directed
341,3958,Directed
342,270,Directed
342,3146,Directed
363,364,Directed
363,3289,Directed
364,199,Directed
364,213,Directed
364,363,Directed
364,602,Directed
364,751,Directed
364,868,Directed
364,3289,Directed
364,3290,Directed
364,3291,Directed
364,3292,Directed
364,3293,Directed
364,3295,Directed
364,3296,Directed
364,3297,Directed
364,3298,Directed
364,3299,Directed
364,3646,Directed
365,30,Directed
365,80,Directed
365,87,Directed
365,99,Directed
365,366,Directed
365,3985,Directed
366,30,Directed
366,80,Directed
366,87,Directed
366,99,Directed
366,365,Directed
366,3985,Directed
367,140,Directed
367,368,Directed
367,640,Directed
367,1270,Directed
367,1446,Directed
367,1447,Directed
367,1448,Directed
367,2819,Directed
367,3619,Directed
367,3636,Directed
368,367,Directed
368,2819,Directed
369,81,Directed
369,370,Directed
369,527,Directed
369,1303,Directed
369,1304,Directed
369,1305,Directed
369,2805,Directed
369,3402,Directed
369,3681,Directed
369,3682,Directed
370,369,Directed
370,3681,Directed
370,3682,Directed
374,55,Directed
374,375,Directed
374,2985,Directed
375,55,Directed
375,374,Directed
375,2985,Directed
376,55,Directed
376,2904,Directed
380,47,Directed
380,2747,Directed
384,70,Directed
384,87,Directed
384,114,Directed
384,117,Directed
384,155,Directed
384,197,Directed
384,199,Directed
384,220,Directed
384,736,Directed
384,784,Directed
384,785,Directed
384,794,Directed
384,795,Directed
384,919,Directed
384,2331,Directed
384,2335,Directed
384,3180,Directed
384,3248,Directed
384,3250,Directed
385,53,Directed
385,54,Directed
385,386,Directed
385,2099,Directed
385,3082,Directed
386,54,Directed
386,385,Directed
386,2099,Directed
390,140,Directed
390,419,Directed
390,420,Directed
390,627,Directed
390,793,Directed
390,1792,Directed
390,1795,Directed
390,1799,Directed
390,1801,Directed
390,1802,Directed
390,1803,Directed
390,1804,Directed
390,1805,Directed
390,1806,Directed
390,1807,Directed
390,1808,Directed
390,1809,Directed
390,3129,Directed
390,3130,Directed
390,3519,Directed
390,3520,Directed
390,3632,Directed
390,3813,Directed
401,146,Directed
401,302,Directed
401,402,Directed
401,403,Directed
401,404,Directed
401,702,Directed
401,703,Directed
401,704,Directed
401,2687,Directed
401,2690,Directed
401,3599,Directed
401,3792,Directed
402,226,Directed
402,302,Directed
402,401,Directed
402,403,Directed
402,404,Directed
402,1501,Directed
402,3599,Directed
402,3812,Directed
403,302,Directed
403,401,Directed
403,402,Directed
403,404,Directed
403,3599,Directed
404,302,Directed
404,401,Directed
404,402,Directed
404,403,Directed
404,3599,Directed
405,55,Directed
405,406,Directed
405,2049,Directed
406,55,Directed
406,405,Directed
406,2049,Directed
407,306,Directed
407,408,Directed
407,409,Directed
407,2203,Directed
408,306,Directed
408,407,Directed
408,409,Directed
408,502,Directed
408,503,Directed
408,2203,Directed
408,3653,Directed
409,306,Directed
409,407,Directed
409,408,Directed
409,2203,Directed
411,65,Directed
411,187,Directed
411,415,Directed
411,416,Directed
411,417,Directed
411,772,Directed
411,838,Directed
411,853,Directed
411,961,Directed
411,2462,Directed
411,2463,Directed
411,2548,Directed
411,3120,Directed
411,3581,Directed
411,3825,Directed
411,3921,Directed
414,55,Directed
414,796,Directed
414,949,Directed
414,1136,Directed
414,2122,Directed
414,2123,Directed
414,2124,Directed
414,2127,Directed
414,2128,Directed
414,2129,Directed
414,2640,Directed
414,3887,Directed
415,187,Directed
415,411,Directed
415,3581,Directed
416,411,Directed
416,417,Directed
416,3825,Directed
417,411,Directed
417,416,Directed
417,1015,Directed
417,1016,Directed
417,3825,Directed
417,3875,Directed
419,390,Directed
419,420,Directed
419,793,Directed
419,2035,Directed
419,3129,Directed
419,3519,Directed
419,3520,Directed
420,390,Directed
420,419,Directed
420,793,Directed
420,3129,Directed
420,3130,Directed
420,3132,Directed
420,3134,Directed
420,3135,Directed
420,3136,Directed
420,3519,Directed
420,3520,Directed
422,423,Directed
422,3137,Directed
423,422,Directed
423,447,Directed
423,463,Directed
423,1094,Directed
423,3137,Directed
423,3139,Directed
423,3814,Directed
423,3857,Directed
424,165,Directed
424,425,Directed
424,3851,Directed
425,165,Directed
425,424,Directed
425,3851,Directed
426,54,Directed
426,736,Directed
426,2149,Directed
426,2792,Directed
429,41,Directed
429,48,Directed
429,86,Directed
429,109,Directed
429,164,Directed
429,1020,Directed
429,2143,Directed
429,3626,Directed
429,3627,Directed
429,3974,Directed
434,38,Directed
434,158,Directed
434,2968,Directed
441,325,Directed
441,442,Directed
441,490,Directed
441,491,Directed
441,492,Directed
441,493,Directed
441,1477,Directed
441,1660,Directed
441,1763,Directed
441,3511,Directed
442,441,Directed
442,1660,Directed
446,239,Directed
446,447,Directed
446,902,Directed
446,2434,Directed
446,3729,Directed
447,239,Directed
447,423,Directed
447,446,Directed
447,1094,Directed
447,3725,Directed
447,3727,Directed
447,3729,Directed
447,3857,Directed
448,99,Directed
448,606,Directed
448,607,Directed
448,608,Directed
448,2235,Directed
448,2236,Directed
448,2237,Directed
448,2238,Directed
448,2239,Directed
448,2241,Directed
448,3063,Directed
448,3113,Directed
453,287,Directed
453,454,Directed
453,455,Directed
453,456,Directed
453,457,Directed
453,3842,Directed
454,287,Directed
454,325,Directed
454,341,Directed
454,453,Directed
454,455,Directed
454,456,Directed
454,457,Directed
454,872,Directed
454,873,Directed
454,874,Directed
454,875,Directed
454,876,Directed
454,877,Directed
454,878,Directed
454,3842,Directed
454,3958,Directed
455,287,Directed
455,453,Directed
455,454,Directed
455,456,Directed
455,457,Directed
455,3842,Directed
456,287,Directed
456,453,Directed
456,454,Directed
456,455,Directed
456,457,Directed
456,3842,Directed
457,287,Directed
457,453,Directed
457,454,Directed
457,455,Directed
457,456,Directed
457,3842,Directed
457,3843,Directed
463,423,Directed
463,3814,Directed
463,3815,Directed
464,223,Directed
464,3833,Directed
464,3834,Directed
464,3835,Directed
466,120,Directed
466,239,Directed
466,467,Directed
466,2105,Directed
466,3730,Directed
467,120,Directed
467,239,Directed
467,466,Directed
467,486,Directed
467,2105,Directed
467,3730,Directed
467,3731,Directed
468,81,Directed
468,2914,Directed
470,117,Directed
470,471,Directed
470,472,Directed
470,476,Directed
470,480,Directed
470,481,Directed
470,482,Directed
470,483,Directed
470,484,Directed
470,3318,Directed
470,3523,Directed
471,470,Directed
471,472,Directed
471,2675,Directed
471,3318,Directed
472,117,Directed
472,470,Directed
472,471,Directed
472,476,Directed
472,480,Directed
472,481,Directed
472,482,Directed
472,483,Directed
472,484,Directed
472,3318,Directed
472,3523,Directed
473,114,Directed
473,474,Directed
473,475,Directed
473,476,Directed
473,477,Directed
473,478,Directed
473,479,Directed
473,3720,Directed
474,47,Directed
474,59,Directed
474,114,Directed
474,137,Directed
474,314,Directed
474,473,Directed
474,475,Directed
474,476,Directed
474,477,Directed
474,478,Directed
474,479,Directed
474,633,Directed
474,634,Directed
474,701,Directed
474,956,Directed
474,3485,Directed
474,3677,Directed
474,3720,Directed
474,3738,Directed
475,114,Directed
475,473,Directed
475,474,Directed
475,476,Directed
475,477,Directed
475,478,Directed
475,479,Directed
475,3720,Directed
476,114,Directed
476,117,Directed
476,470,Directed
476,472,Directed
476,473,Directed
476,474,Directed
476,475,Directed
476,477,Directed
476,478,Directed
476,479,Directed
476,480,Directed
476,481,Directed
476,482,Directed
476,483,Directed
476,484,Directed
476,3523,Directed
476,3720,Directed
477,114,Directed
477,473,Directed
477,474,Directed
477,475,Directed
477,476,Directed
477,478,Directed
477,479,Directed
477,3720,Directed
478,114,Directed
478,473,Directed
478,474,Directed
478,475,Directed
478,476,Directed
478,477,Directed
478,479,Directed
478,3720,Directed
479,114,Directed
479,473,Directed
479,474,Directed
479,475,Directed
479,476,Directed
479,477,Directed
479,478,Directed
479,3720,Directed
480,117,Directed
480,470,Directed
480,472,Directed
480,476,Directed
480,481,Directed
480,482,Directed
480,483,Directed
480,484,Directed
480,3523,Directed
481,117,Directed
481,470,Directed
481,472,Directed
481,476,Directed
481,480,Directed
481,482,Directed
481,483,Directed
481,484,Directed
481,3523,Directed
482,117,Directed
482,470,Directed
482,472,Directed
482,476,Directed
482,480,Directed
482,481,Directed
482,483,Directed
482,484,Directed
482,3523,Directed
483,117,Directed
483,470,Directed
483,472,Directed
483,476,Directed
483,480,Directed
483,481,Directed
483,482,Directed
483,484,Directed
483,799,Directed
483,3286,Directed
483,3523,Directed
484,117,Directed
484,470,Directed
484,472,Directed
484,476,Directed
484,480,Directed
484,481,Directed
484,482,Directed
484,483,Directed
484,3523,Directed
484,3524,Directed
485,114,Directed
485,197,Directed
485,248,Directed
485,1709,Directed
485,3249,Directed
486,239,Directed
486,467,Directed
486,3731,Directed
490,441,Directed
490,491,Directed
490,492,Directed
490,493,Directed
490,3511,Directed
491,441,Directed
491,490,Directed
491,492,Directed
491,493,Directed
491,904,Directed
491,3511,Directed
491,3513,Directed
492,441,Directed
492,490,Directed
492,491,Directed
492,493,Directed
492,3511,Directed
493,441,Directed
493,490,Directed
493,491,Directed
493,492,Directed
493,904,Directed
493,3511,Directed
493,3513,Directed
497,137,Directed
497,314,Directed
497,782,Directed
497,871,Directed
497,3491,Directed
497,3492,Directed
497,3494,Directed
497,3828,Directed
502,408,Directed
502,503,Directed
502,3653,Directed
503,408,Directed
503,502,Directed
503,3653,Directed
523,86,Directed
523,524,Directed
523,2420,Directed
524,86,Directed
524,523,Directed
524,2420,Directed
526,602,Directed
526,616,Directed
526,928,Directed
526,929,Directed
526,2645,Directed
526,3377,Directed
527,81,Directed
527,220,Directed
527,369,Directed
527,1303,Directed
527,1304,Directed
527,1305,Directed
527,3070,Directed
527,3071,Directed
527,3402,Directed
535,47,Directed
535,536,Directed
535,2847,Directed
536,47,Directed
536,535,Directed
536,2847,Directed
540,87,Directed
540,541,Directed
540,2979,Directed
541,87,Directed
541,224,Directed
541,540,Directed
541,665,Directed
541,669,Directed
541,1040,Directed
541,2979,Directed
541,2980,Directed
541,2981,Directed
541,2983,Directed
541,2984,Directed
541,3928,Directed
542,48,Directed
542,1631,Directed
545,185,Directed
545,186,Directed
545,1402,Directed
545,2974,Directed
550,47,Directed
550,2386,Directed
550,2761,Directed
552,328,Directed
552,553,Directed
552,554,Directed
552,3913,Directed
553,328,Directed
553,552,Directed
553,554,Directed
553,3913,Directed
554,328,Directed
554,552,Directed
554,553,Directed
554,3913,Directed
555,55,Directed
555,556,Directed
555,557,Directed
555,558,Directed
555,559,Directed
555,3821,Directed
556,55,Directed
556,555,Directed
556,557,Directed
556,558,Directed
556,559,Directed
556,3821,Directed
557,55,Directed
557,555,Directed
557,556,Directed
557,558,Directed
557,559,Directed
557,3821,Directed
558,55,Directed
558,555,Directed
558,556,Directed
558,557,Directed
558,559,Directed
558,3821,Directed
559,55,Directed
559,555,Directed
559,556,Directed
559,557,Directed
559,558,Directed
559,560,Directed
559,3821,Directed
559,3822,Directed
560,55,Directed
560,559,Directed
560,2214,Directed
560,2216,Directed
560,3822,Directed
563,203,Directed
563,3853,Directed
570,81,Directed
570,765,Directed
570,766,Directed
570,767,Directed
570,1245,Directed
570,1550,Directed
570,1552,Directed
570,2932,Directed
570,3488,Directed
574,226,Directed
574,575,Directed
574,576,Directed
574,577,Directed
574,578,Directed
574,579,Directed
574,3338,Directed
574,3609,Directed
574,3811,Directed
575,574,Directed
575,576,Directed
575,577,Directed
575,578,Directed
575,579,Directed
575,1348,Directed
575,3609,Directed
576,574,Directed
576,575,Directed
576,577,Directed
576,578,Directed
576,579,Directed
576,3609,Directed
577,574,Directed
577,575,Directed
577,576,Directed
577,578,Directed
577,579,Directed
577,3609,Directed
578,574,Directed
578,575,Directed
578,576,Directed
578,577,Directed
578,579,Directed
578,3609,Directed
579,574,Directed
579,575,Directed
579,576,Directed
579,577,Directed
579,578,Directed
579,3609,Directed
585,86,Directed
585,2423,Directed
602,213,Directed
602,364,Directed
602,526,Directed
602,616,Directed
602,928,Directed
602,929,Directed
602,2492,Directed
602,2495,Directed
602,3377,Directed
602,3646,Directed
605,140,Directed
605,3633,Directed
606,448,Directed
606,607,Directed
606,608,Directed
606,3113,Directed
607,42,Directed
607,45,Directed
607,165,Directed
607,282,Directed
607,448,Directed
607,606,Directed
607,608,Directed
607,2850,Directed
607,2851,Directed
607,2852,Directed
607,3113,Directed
607,3472,Directed
608,448,Directed
608,606,Directed
608,607,Directed
608,3113,Directed
616,526,Directed
616,602,Directed
616,928,Directed
616,929,Directed
616,1967,Directed
616,3377,Directed
627,390,Directed
627,3813,Directed
633,474,Directed
633,634,Directed
633,3738,Directed
634,59,Directed
634,114,Directed
634,137,Directed
634,139,Directed
634,191,Directed
634,224,Directed
634,248,Directed
634,332,Directed
634,474,Directed
634,633,Directed
634,790,Directed
634,815,Directed
634,923,Directed
634,924,Directed
634,925,Directed
634,941,Directed
634,942,Directed
634,943,Directed
634,944,Directed
634,1065,Directed
634,1066,Directed
634,1067,Directed
634,1068,Directed
634,1069,Directed
634,1070,Directed
634,1078,Directed
634,3738,Directed
634,3739,Directed
634,3743,Directed
634,3744,Directed
634,3745,Directed
634,3746,Directed
634,3747,Directed
634,3748,Directed
634,3806,Directed
634,3931,Directed
634,3957,Directed
637,65,Directed
637,2550,Directed
640,367,Directed
640,911,Directed
640,1270,Directed
640,3612,Directed
640,3613,Directed
640,3614,Directed
640,3615,Directed
640,3616,Directed
640,3617,Directed
640,3618,Directed
640,3619,Directed
640,3620,Directed
643,130,Directed
643,189,Directed
643,644,Directed
643,645,Directed
643,3554,Directed
644,130,Directed
644,189,Directed
644,643,Directed
644,645,Directed
644,3554,Directed
645,130,Directed
645,189,Directed
645,643,Directed
645,644,Directed
645,3554,Directed
661,68,Directed
661,235,Directed
661,1198,Directed
661,1534,Directed
661,1535,Directed
661,1538,Directed
661,3117,Directed
661,3344,Directed
663,236,Directed
663,280,Directed
663,3496,Directed
664,68,Directed
664,1515,Directed
665,541,Directed
665,2981,Directed
667,87,Directed
667,668,Directed
667,3429,Directed
668,87,Directed
668,667,Directed
668,3429,Directed
669,87,Directed
669,541,Directed
669,3928,Directed
670,117,Directed
670,201,Directed
670,237,Directed
670,671,Directed
670,3162,Directed
671,117,Directed
671,201,Directed
671,237,Directed
671,670,Directed
671,3048,Directed
671,3054,Directed
671,3162,Directed
680,681,Directed
680,682,Directed
680,3722,Directed
681,181,Directed
681,680,Directed
681,682,Directed
681,775,Directed
681,985,Directed
681,1089,Directed
681,3722,Directed
681,3824,Directed
682,680,Directed
682,681,Directed
682,3722,Directed
682,3723,Directed
685,110,Directed
685,327,Directed
685,2813,Directed
685,2816,Directed
686,110,Directed
686,2814,Directed
687,87,Directed
687,3930,Directed
689,220,Directed
689,3074,Directed
691,47,Directed
691,692,Directed
691,693,Directed
691,694,Directed
691,695,Directed
691,884,Directed
691,2517,Directed
691,3332,Directed
692,47,Directed
692,114,Directed
692,155,Directed
692,691,Directed
692,693,Directed
692,694,Directed
692,695,Directed
692,1152,Directed
692,1153,Directed
692,3332,Directed
692,3580,Directed
693,47,Directed
693,691,Directed
693,692,Directed
693,694,Directed
693,695,Directed
693,3332,Directed
694,47,Directed
694,691,Directed
694,692,Directed
694,693,Directed
694,695,Directed
694,3332,Directed
695,47,Directed
695,691,Directed
695,692,Directed
695,693,Directed
695,694,Directed
695,3332,Directed
701,47,Directed
701,59,Directed
701,137,Directed
701,314,Directed
701,474,Directed
701,3677,Directed
702,146,Directed
702,401,Directed
702,703,Directed
702,704,Directed
702,3792,Directed
703,146,Directed
703,401,Directed
703,702,Directed
703,704,Directed
703,709,Directed
703,2180,Directed
703,3143,Directed
703,3792,Directed
704,146,Directed
704,401,Directed
704,702,Directed
704,703,Directed
704,3792,Directed
709,146,Directed
709,703,Directed
709,3143,Directed
716,302,Directed
716,2705,Directed
736,54,Directed
736,70,Directed
736,87,Directed
736,140,Directed
736,384,Directed
736,426,Directed
736,919,Directed
736,1221,Directed
736,2792,Directed
736,2794,Directed
736,2795,Directed
736,3180,Directed
736,3637,Directed
742,47,Directed
742,227,Directed
742,769,Directed
742,770,Directed
742,771,Directed
742,772,Directed
742,773,Directed
742,774,Directed
742,1120,Directed
742,1121,Directed
742,2799,Directed
742,3803,Directed
742,3895,Directed
743,222,Directed
743,277,Directed
743,744,Directed
743,745,Directed
743,746,Directed
743,747,Directed
743,3805,Directed
744,222,Directed
744,277,Directed
744,743,Directed
744,745,Directed
744,746,Directed
744,747,Directed
744,828,Directed
744,829,Directed
744,2229,Directed
744,3164,Directed
744,3805,Directed
745,222,Directed
745,277,Directed
745,743,Directed
745,744,Directed
745,746,Directed
745,747,Directed
745,3805,Directed
746,222,Directed
746,277,Directed
746,743,Directed
746,744,Directed
746,745,Directed
746,747,Directed
746,3805,Directed
747,222,Directed
747,277,Directed
747,743,Directed
747,744,Directed
747,745,Directed
747,746,Directed
747,3805,Directed
748,59,Directed
748,192,Directed
748,3357,Directed
751,30,Directed
751,68,Directed
751,158,Directed
751,245,Directed
751,364,Directed
751,752,Directed
751,753,Directed
751,754,Directed
751,935,Directed
751,1061,Directed
751,2039,Directed
751,2042,Directed
751,3293,Directed
751,3331,Directed
751,3567,Directed
751,3706,Directed
752,751,Directed
752,753,Directed
752,754,Directed
752,3706,Directed
753,751,Directed
753,752,Directed
753,754,Directed
753,3706,Directed
754,751,Directed
754,752,Directed
754,753,Directed
754,3706,Directed
765,81,Directed
765,570,Directed
765,766,Directed
765,767,Directed
765,1465,Directed
765,3488,Directed
766,81,Directed
766,570,Directed
766,765,Directed
766,767,Directed
766,3488,Directed
767,81,Directed
767,570,Directed
767,765,Directed
767,766,Directed
767,3488,Directed
767,3489,Directed
769,227,Directed
769,742,Directed
769,770,Directed
769,771,Directed
769,772,Directed
769,773,Directed
769,774,Directed
769,3895,Directed
770,227,Directed
770,742,Directed
770,769,Directed
770,771,Directed
770,772,Directed
770,773,Directed
770,774,Directed
770,3895,Directed
771,227,Directed
771,742,Directed
771,769,Directed
771,770,Directed
771,772,Directed
771,773,Directed
771,774,Directed
771,3895,Directed
772,187,Directed
772,227,Directed
772,411,Directed
772,742,Directed
772,769,Directed
772,770,Directed
772,771,Directed
772,773,Directed
772,774,Directed
772,853,Directed
772,961,Directed
772,3895,Directed
772,3921,Directed
773,227,Directed
773,742,Directed
773,769,Directed
773,770,Directed
773,771,Directed
773,772,Directed
773,774,Directed
773,3285,Directed
773,3895,Directed
774,227,Directed
774,742,Directed
774,769,Directed
774,770,Directed
774,771,Directed
774,772,Directed
774,773,Directed
774,3895,Directed
775,114,Directed
775,181,Directed
775,224,Directed
775,681,Directed
775,985,Directed
775,1089,Directed
775,1306,Directed
775,1307,Directed
775,3440,Directed
775,3441,Directed
775,3442,Directed
775,3443,Directed
775,3445,Directed
775,3446,Directed
775,3824,Directed
778,236,Directed
778,779,Directed
778,1029,Directed
778,1573,Directed
778,1574,Directed
778,1576,Directed
778,3841,Directed
778,3980,Directed
779,63,Directed
779,236,Directed
779,778,Directed
779,3980,Directed
779,3981,Directed
781,782,Directed
781,3827,Directed
782,497,Directed
782,781,Directed
782,856,Directed
782,871,Directed
782,3827,Directed
782,3828,Directed
782,3829,Directed
782,3830,Directed
784,114,Directed
784,118,Directed
784,155,Directed
784,197,Directed
784,384,Directed
784,785,Directed
784,794,Directed
784,795,Directed
784,3250,Directed
784,3781,Directed
785,114,Directed
785,118,Directed
785,155,Directed
785,197,Directed
785,384,Directed
785,784,Directed
785,794,Directed
785,795,Directed
785,3250,Directed
785,3781,Directed
786,65,Directed
786,982,Directed
786,3406,Directed
786,3407,Directed
786,3408,Directed
786,3409,Directed
786,3410,Directed
786,3411,Directed
790,139,Directed
790,191,Directed
790,248,Directed
790,634,Directed
790,795,Directed
790,836,Directed
790,882,Directed
790,883,Directed
790,941,Directed
790,942,Directed
790,943,Directed
790,944,Directed
790,2905,Directed
790,2907,Directed
790,3548,Directed
790,3806,Directed
792,30,Directed
792,3057,Directed
793,390,Directed
793,419,Directed
793,420,Directed
793,3519,Directed
793,3520,Directed
794,114,Directed
794,155,Directed
794,197,Directed
794,384,Directed
794,784,Directed
794,785,Directed
794,795,Directed
794,3250,Directed
795,47,Directed
795,114,Directed
795,155,Directed
795,197,Directed
795,384,Directed
795,784,Directed
795,785,Directed
795,790,Directed
795,794,Directed
795,833,Directed
795,834,Directed
795,835,Directed
795,836,Directed
795,3250,Directed
795,3548,Directed
795,3839,Directed
796,414,Directed
796,797,Directed
796,798,Directed
796,949,Directed
796,1852,Directed
796,3858,Directed
796,3887,Directed
797,796,Directed
797,798,Directed
797,879,Directed
797,3203,Directed
797,3858,Directed
798,796,Directed
798,797,Directed
798,3858,Directed
799,483,Directed
799,3286,Directed
799,3287,Directed
810,139,Directed
810,3393,Directed
814,53,Directed
814,54,Directed
814,217,Directed
814,3896,Directed
814,3897,Directed
815,634,Directed
815,816,Directed
815,923,Directed
815,924,Directed
815,925,Directed
815,3772,Directed
815,3931,Directed
816,815,Directed
816,3772,Directed
817,55,Directed
817,818,Directed
817,819,Directed
817,820,Directed
817,3555,Directed
818,55,Directed
818,817,Directed
818,819,Directed
818,820,Directed
818,3555,Directed
819,55,Directed
819,817,Directed
819,818,Directed
819,820,Directed
819,3555,Directed
820,55,Directed
820,817,Directed
820,818,Directed
820,819,Directed
820,3555,Directed
822,45,Directed
822,55,Directed
822,1289,Directed
822,3795,Directed
822,3796,Directed
822,3797,Directed
822,3798,Directed
822,3799,Directed
822,3800,Directed
822,3801,Directed
822,3802,Directed
826,47,Directed
826,3156,Directed
828,744,Directed
828,829,Directed
828,3164,Directed
829,744,Directed
829,828,Directed
829,3164,Directed
833,47,Directed
833,795,Directed
833,834,Directed
833,835,Directed
833,3839,Directed
834,47,Directed
834,795,Directed
834,833,Directed
834,835,Directed
834,3839,Directed
835,47,Directed
835,795,Directed
835,833,Directed
835,834,Directed
835,3839,Directed
836,790,Directed
836,795,Directed
836,3548,Directed
838,187,Directed
838,411,Directed
838,3119,Directed
838,3120,Directed
841,30,Directed
841,65,Directed
841,842,Directed
841,3904,Directed
842,30,Directed
842,65,Directed
842,841,Directed
842,3904,Directed
851,45,Directed
851,3452,Directed
851,3453,Directed
851,3454,Directed
851,3461,Directed
852,853,Directed
852,3920,Directed
853,187,Directed
853,411,Directed
853,772,Directed
853,852,Directed
853,961,Directed
853,3920,Directed
853,3921,Directed
856,782,Directed
856,1394,Directed
856,1396,Directed
856,3830,Directed
858,340,Directed
858,1285,Directed
858,3210,Directed
858,3211,Directed
868,199,Directed
868,364,Directed
868,3292,Directed
871,497,Directed
871,782,Directed
871,3828,Directed
872,325,Directed
872,341,Directed
872,454,Directed
872,873,Directed
872,874,Directed
872,875,Directed
872,876,Directed
872,877,Directed
872,878,Directed
872,3958,Directed
873,325,Directed
873,341,Directed
873,454,Directed
873,872,Directed
873,874,Directed
873,875,Directed
873,876,Directed
873,877,Directed
873,878,Directed
873,940,Directed
873,991,Directed
873,3608,Directed
873,3958,Directed
874,325,Directed
874,341,Directed
874,454,Directed
874,872,Directed
874,873,Directed
874,875,Directed
874,876,Directed
874,877,Directed
874,878,Directed
874,3958,Directed
875,325,Directed
875,341,Directed
875,454,Directed
875,872,Directed
875,873,Directed
875,874,Directed
875,876,Directed
875,877,Directed
875,878,Directed
875,3958,Directed
876,325,Directed
876,341,Directed
876,454,Directed
876,872,Directed
876,873,Directed
876,874,Directed
876,875,Directed
876,877,Directed
876,878,Directed
876,3958,Directed
877,325,Directed
877,341,Directed
877,454,Directed
877,872,Directed
877,873,Directed
877,874,Directed
877,875,Directed
877,876,Directed
877,878,Directed
877,3958,Directed
878,325,Directed
878,341,Directed
878,454,Directed
878,872,Directed
878,873,Directed
878,874,Directed
878,875,Directed
878,876,Directed
878,877,Directed
878,3958,Directed
879,797,Directed
879,3203,Directed
880,185,Directed
880,3426,Directed
880,3427,Directed
880,3428,Directed
882,790,Directed
882,883,Directed
882,2907,Directed
883,790,Directed
883,882,Directed
883,2907,Directed
884,691,Directed
884,2517,Directed
887,70,Directed
887,87,Directed
887,3220,Directed
888,55,Directed
888,889,Directed
888,3306,Directed
889,55,Directed
889,888,Directed
889,3306,Directed
897,86,Directed
897,3073,Directed
902,446,Directed
902,2434,Directed
904,491,Directed
904,493,Directed
904,3513,Directed
909,285,Directed
909,3142,Directed
911,640,Directed
911,3614,Directed
912,114,Directed
912,118,Directed
912,3782,Directed
919,70,Directed
919,87,Directed
919,384,Directed
919,736,Directed
919,2648,Directed
919,2649,Directed
919,3180,Directed
923,634,Directed
923,815,Directed
923,924,Directed
923,925,Directed
923,3931,Directed
924,634,Directed
924,815,Directed
924,923,Directed
924,925,Directed
924,3931,Directed
925,634,Directed
925,815,Directed
925,923,Directed
925,924,Directed
925,3931,Directed
928,526,Directed
928,602,Directed
928,616,Directed
928,929,Directed
928,3377,Directed
929,526,Directed
929,602,Directed
929,616,Directed
929,928,Directed
929,3377,Directed
930,130,Directed
930,2541,Directed
930,3542,Directed
935,30,Directed
935,751,Directed
935,3331,Directed
938,939,Directed
938,940,Directed
938,954,Directed
938,955,Directed
938,1145,Directed
938,1586,Directed
938,2887,Directed
938,3288,Directed
938,3894,Directed
939,938,Directed
939,940,Directed
939,3894,Directed
940,873,Directed
940,938,Directed
940,939,Directed
940,991,Directed
940,2477,Directed
940,2478,Directed
940,2479,Directed
940,3608,Directed
940,3894,Directed
941,139,Directed
941,191,Directed
941,248,Directed
941,634,Directed
941,790,Directed
941,942,Directed
941,943,Directed
941,944,Directed
941,3806,Directed
942,139,Directed
942,191,Directed
942,248,Directed
942,634,Directed
942,790,Directed
942,941,Directed
942,943,Directed
942,944,Directed
942,3806,Directed
943,139,Directed
943,191,Directed
943,248,Directed
943,634,Directed
943,790,Directed
943,941,Directed
943,942,Directed
943,944,Directed
943,3806,Directed
944,139,Directed
944,191,Directed
944,248,Directed
944,634,Directed
944,790,Directed
944,941,Directed
944,942,Directed
944,943,Directed
944,3806,Directed
947,47,Directed
947,948,Directed
947,3163,Directed
948,47,Directed
948,947,Directed
948,3163,Directed
949,414,Directed
949,796,Directed
949,3887,Directed
953,63,Directed
953,3576,Directed
953,3577,Directed
953,3578,Directed
954,938,Directed
954,955,Directed
954,3288,Directed
955,938,Directed
955,954,Directed
955,3288,Directed
956,474,Directed
956,3485,Directed
958,44,Directed
958,45,Directed
958,959,Directed
958,3917,Directed
959,44,Directed
959,45,Directed
959,958,Directed
959,3917,Directed
960,80,Directed
960,3986,Directed
961,187,Directed
961,411,Directed
961,772,Directed
961,853,Directed
961,3921,Directed
962,41,Directed
962,3505,Directed
963,48,Directed
963,3506,Directed
963,3507,Directed
965,43,Directed
965,45,Directed
965,966,Directed
965,3467,Directed
966,43,Directed
966,45,Directed
966,965,Directed
966,3467,Directed
968,114,Directed
968,1050,Directed
968,2217,Directed
968,2219,Directed
968,2220,Directed
968,2809,Directed
969,81,Directed
969,2920,Directed
974,216,Directed
974,266,Directed
974,272,Directed
974,975,Directed
974,976,Directed
974,3283,Directed
975,216,Directed
975,266,Directed
975,272,Directed
975,974,Directed
975,976,Directed
975,3283,Directed
976,216,Directed
976,266,Directed
976,272,Directed
976,974,Directed
976,975,Directed
976,3283,Directed
977,110,Directed
977,978,Directed
977,979,Directed
977,980,Directed
977,3943,Directed
978,110,Directed
978,977,Directed
978,979,Directed
978,980,Directed
978,3943,Directed
979,110,Directed
979,977,Directed
979,978,Directed
979,980,Directed
979,3943,Directed
980,110,Directed
980,977,Directed
980,978,Directed
980,979,Directed
980,3943,Directed
982,786,Directed
982,3408,Directed
982,3409,Directed
984,985,Directed
984,986,Directed
984,987,Directed
984,3281,Directed
984,3324,Directed
984,3325,Directed
985,181,Directed
985,681,Directed
985,775,Directed
985,984,Directed
985,986,Directed
985,987,Directed
985,1089,Directed
985,3324,Directed
985,3325,Directed
985,3824,Directed
986,984,Directed
986,985,Directed
986,987,Directed
986,3325,Directed
987,984,Directed
987,985,Directed
987,986,Directed
987,3325,Directed
991,873,Directed
991,940,Directed
991,3608,Directed
996,87,Directed
996,2254,Directed
1002,189,Directed
1002,3191,Directed
1003,81,Directed
1003,3905,Directed
1012,81,Directed
1012,2923,Directed
1015,417,Directed
1015,1016,Directed
1015,3875,Directed
1016,417,Directed
1016,1015,Directed
1016,3875,Directed
1020,109,Directed
1020,429,Directed
1020,3626,Directed
1025,59,Directed
1025,200,Directed
1025,3317,Directed
1027,87,Directed
1027,2576,Directed
1029,778,Directed
1029,3841,Directed
1033,54,Directed
1033,1034,Directed
1033,3158,Directed
1034,54,Directed
1034,1033,Directed
1034,3158,Directed
1040,87,Directed
1040,541,Directed
1040,2984,Directed
1047,332,Directed
1047,1048,Directed
1047,3893,Directed
1048,332,Directed
1048,1047,Directed
1048,1053,Directed
1048,1072,Directed
1048,1073,Directed
1048,3893,Directed
1048,3941,Directed
1050,114,Directed
1050,968,Directed
1050,2808,Directed
1050,2809,Directed
1051,101,Directed
1051,146,Directed
1051,3560,Directed
1053,1048,Directed
1053,1072,Directed
1053,1073,Directed
1053,3939,Directed
1053,3941,Directed
1061,68,Directed
1061,158,Directed
1061,245,Directed
1061,751,Directed
1061,3567,Directed
1061,3568,Directed
1065,59,Directed
1065,114,Directed
1065,137,Directed
1065,224,Directed
1065,634,Directed
1065,1066,Directed
1065,1067,Directed
1065,1068,Directed
1065,1069,Directed
1065,1070,Directed
1065,3957,Directed
1066,59,Directed
1066,114,Directed
1066,137,Directed
1066,224,Directed
1066,634,Directed
1066,1065,Directed
1066,1067,Directed
1066,1068,Directed
1066,1069,Directed
1066,1070,Directed
1066,3957,Directed
1067,59,Directed
1067,114,Directed
1067,137,Directed
1067,139,Directed
1067,224,Directed
1067,634,Directed
1067,1065,Directed
1067,1066,Directed
1067,1068,Directed
1067,1069,Directed
1067,1070,Directed
1067,3397,Directed
1067,3957,Directed
1068,59,Directed
1068,114,Directed
1068,137,Directed
1068,224,Directed
1068,634,Directed
1068,1065,Directed
1068,1066,Directed
1068,1067,Directed
1068,1069,Directed
1068,1070,Directed
1068,3957,Directed
1069,59,Directed
1069,114,Directed
1069,137,Directed
1069,224,Directed
1069,634,Directed
1069,1065,Directed
1069,1066,Directed
1069,1067,Directed
1069,1068,Directed
1069,1070,Directed
1069,3957,Directed
1070,59,Directed
1070,114,Directed
1070,137,Directed
1070,139,Directed
1070,224,Directed
1070,634,Directed
1070,1065,Directed
1070,1066,Directed
1070,1067,Directed
1070,1068,Directed
1070,1069,Directed
1070,3397,Directed
1070,3957,Directed
1072,1048,Directed
1072,1053,Directed
1072,1073,Directed
1072,3941,Directed
1073,1048,Directed
1073,1053,Directed
1073,1072,Directed
1073,3941,Directed
1078,332,Directed
1078,634,Directed
1078,3743,Directed
1080,120,Directed
1080,1081,Directed
1080,1082,Directed
1080,2120,Directed
1081,120,Directed
1081,1080,Directed
1081,1082,Directed
1081,2120,Directed
1082,120,Directed
1082,1080,Directed
1082,1081,Directed
1082,2120,Directed
1089,181,Directed
1089,681,Directed
1089,775,Directed
1089,985,Directed
1089,3824,Directed
1091,44,Directed
1091,1092,Directed
1091,3919,Directed
1092,44,Directed
1092,1091,Directed
1092,3919,Directed
1094,423,Directed
1094,447,Directed
1094,3857,Directed
1099,203,Directed
1099,1100,Directed
1099,1101,Directed
1099,1102,Directed
1099,3854,Directed
1100,203,Directed
1100,1099,Directed
1100,1101,Directed
1100,1102,Directed
1100,3854,Directed
1101,203,Directed
1101,1099,Directed
1101,1100,Directed
1101,1102,Directed
1101,3854,Directed
1102,203,Directed
1102,1099,Directed
1102,1100,Directed
1102,1101,Directed
1102,3854,Directed
1120,742,Directed
1120,1121,Directed
1120,3803,Directed
1121,742,Directed
1121,1120,Directed
1121,3803,Directed
1130,53,Directed
1130,223,Directed
1130,3085,Directed
1132,114,Directed
1132,3204,Directed
1136,414,Directed
1136,2640,Directed
1145,938,Directed
1145,2887,Directed
1145,2888,Directed
1148,74,Directed
1148,3659,Directed
1152,114,Directed
1152,155,Directed
1152,692,Directed
1152,1153,Directed
1152,3580,Directed
1153,114,Directed
1153,155,Directed
1153,692,Directed
1153,1152,Directed
1153,3580,Directed
1174,223,Directed
1174,3086,Directed
1181,45,Directed
1181,3477,Directed
1198,661,Directed
1198,3117,Directed
1208,45,Directed
1208,324,Directed
1208,3480,Directed
1221,140,Directed
1221,736,Directed
1221,3637,Directed
1227,122,Directed
1227,1228,Directed
1227,2685,Directed
1228,122,Directed
1228,1227,Directed
1228,2685,Directed
1232,87,Directed
1232,2635,Directed
1238,68,Directed
1238,2625,Directed
1242,54,Directed
1242,3860,Directed
1245,81,Directed
1245,570,Directed
1245,1552,Directed
1245,2932,Directed
1270,367,Directed
1270,640,Directed
1270,3619,Directed
1285,858,Directed
1285,3211,Directed
1289,822,Directed
1289,3801,Directed
1303,81,Directed
1303,369,Directed
1303,527,Directed
1303,1304,Directed
1303,1305,Directed
1303,3402,Directed
1304,81,Directed
1304,369,Directed
1304,527,Directed
1304,1303,Directed
1304,1305,Directed
1304,3402,Directed
1305,81,Directed
1305,369,Directed
1305,527,Directed
1305,1303,Directed
1305,1304,Directed
1305,3402,Directed
1306,114,Directed
1306,775,Directed
1306,1307,Directed
1306,3446,Directed
1307,114,Directed
1307,775,Directed
1307,1306,Directed
1307,3446,Directed
